
[{"model": "auth.group", "pk": 1, "fields": {"name": "dispatcher group", "permissions": [53, 61]}}, {"model": "sessions.session", "pk": "eclh8lfbmpcavvf3kgc4q7rh60mj64ho", "fields": {"session_data": "YmUxZTZlNTVjODQ1NmI5NjY3MmE0NTNhZWQ0YzVhODQ4ZjRiYmE5OTp7Il9hdXRoX3VzZXJfaWQiOiIxIiwiX2F1dGhfdXNlcl9iYWNrZW5kIjoiZGphbmdvLmNvbnRyaWIuYXV0aC5iYWNrZW5kcy5Nb2RlbEJhY2tlbmQiLCJfYXV0aF91c2VyX2hhc2giOiIwNjNmYWExMzJkNWJhMjZjMGQ4M2ZlZWRhOTNjNGU4Zjg2MDZmMDFhIiwiX3Nlc3Npb25fZXhwaXJ5IjowfQ==", "expire_date": "2020-10-10T22:45:56.236Z"}}, {"model": "sessions.session", "pk": "k49axgpbvr327d6lxriw1twdox0jhaj8", "fields": {"session_data": "MWYwZGRlZjk3NzYwYzM0M2U4ODEzMTk3YWRmNjM1NDE2NDk1MDg4ZTp7Il9hdXRoX3VzZXJfaWQiOiIxIiwiX2F1dGhfdXNlcl9iYWNrZW5kIjoiZGphbmdvLmNvbnRyaWIuYXV0aC5iYWNrZW5kcy5Nb2RlbEJhY2tlbmQiLCJfYXV0aF91c2VyX2hhc2giOiIwNjNmYWExMzJkNWJhMjZjMGQ4M2ZlZWRhOTNjNGU4Zjg2MDZmMDFhIn0=", "expire_date": "2020-10-17T20:40:13.508Z"}}, {"model": "sites.site", "pk": 1, "fields": {"domain": "www.digitecxerox.com", "name": "Digitec"}}, {"model": "users.user", "pk": 1, "fields": {"password": "argon2$argon2i$v=19$m=512,t=2,p=2$dFJnaUYxSldINnFr$U83059xfpCkn5wZ3tpdGEg", "last_login": "2020-10-03T20:40:13.371Z", "is_superuser": true, "username": "mostafa", "first_name": "", "last_name": "", "email": "eng_mustafa_yossef@hotmail.com", "is_staff": true, "is_active": true, "date_joined": "2020-09-22T20:11:34.268Z", "name": "", "groups": [], "user_permissions": []}}, {"model": "users.user", "pk": 2, "fields": {"password": "argon2$argon2i$v=19$m=512,t=2,p=2$cnNFRVRrenhoQjVO$MHSGeXA9clUacpod7n8HCw", "last_login": null, "is_superuser": true, "username": "momo", "first_name": "", "last_name": "", "email": "mostafaitalian1379@gmail.com", "is_staff": true, "is_active": true, "date_joined": "2020-09-22T20:12:19Z", "name": "", "groups": [1], "user_permissions": []}}, {"model": "users.user", "pk": 3, "fields": {"password": "argon2$argon2i$v=19$m=512,t=2,p=2$UGpFZVo0ZVA2R3lI$v4mIk2wWVcurjf07q2ZkWA", "last_login": "2020-10-03T20:38:37.851Z", "is_superuser": false, "username": "wael", "first_name": "", "last_name": "", "email": "", "is_staff": false, "is_active": true, "date_joined": "2020-09-22T20:21:23Z", "name": "", "groups": [], "user_permissions": [54]}}, {"model": "users.user", "pk": 4, "fields": {"password": "argon2$argon2i$v=19$m=512,t=2,p=2$Mk80RURtUkZlOGMy$iZmZ0g2hgapTx6rIakrozw", "last_login": null, "is_superuser": false, "username": "mymy", "first_name": "", "last_name": "", "email": "", "is_staff": false, "is_active": true, "date_joined": "2020-09-24T16:07:43Z", "name": "", "groups": [1], "user_permissions": []}}, {"model": "users.user", "pk": 5, "fields": {"password": "argon2$argon2i$v=19$m=512,t=2,p=2$dWN1MUl6d21rdlBU$BmVUrjJ/WrlWJgCN0vtJGg", "last_login": null, "is_superuser": false, "username": "ahmed", "first_name": "", "last_name": "", "email": "", "is_staff": false, "is_active": true, "date_joined": "2020-09-25T22:32:12.880Z", "name": "", "groups": [], "user_permissions": []}}, {"model": "machine.category", "pk": 1, "fields": {"category_type": "color machine"}}, {"model": "machine.category", "pk": 2, "fields": {"category_type": "black-white machine"}}, {"model": "machine.machine", "pk": 1, "fields": {"name": "7845", "serial": 2323434, "serial2": "21", "machine_model": "78", "slug": "2323434-21", "description": "this is color machine, 45 ppm, full function machine", "added": "2020-09-22T20:26:26.556Z", "speed": 45, "machine_category": null, "customer": 1, "department": 1, "area": 1, "contract": null, "engineers": [1]}}, {"model": "machine.machine", "pk": 2, "fields": {"name": "5955", "serial": 1221322, "serial2": "sg2", "machine_model": "59", "slug": "1221322-sg2", "description": "this is black and white machine", "added": "2020-09-25T22:37:06.689Z", "speed": 55, "machine_category": null, "customer": 2, "department": 2, "area": 2, "contract": 1, "engineers": [2]}}, {"model": "machine.machine", "pk": 3, "fields": {"name": "5855", "serial": 23243434, "serial2": "122-ss", "machine_model": "58", "slug": "23243434-122-ss", "description": "this is black and white", "added": "2020-09-27T11:57:02.139Z", "speed": 55, "machine_category": null, "customer": 1, "department": 1, "area": 1, "contract": null, "engineers": [1]}}, {"model": "machine.machine", "pk": 4, "fields": {"name": "6705", "serial": 232243, "serial2": "23sss", "machine_model": "67", "slug": "232243-23sss", "description": "this is wide-format", "added": "2020-09-27T11:58:00.965Z", "speed": 20, "machine_category": null, "customer": 1, "department": 1, "area": 1, "contract": null, "engineers": [1]}}, {"model": "machine.machine", "pk": 5, "fields": {"name": "7830", "serial": 2322333, "serial2": "232332d", "machine_model": "78", "slug": "2322333-232332d", "description": "this is color machine", "added": "2020-09-27T12:01:16.733Z", "speed": 35, "machine_category": null, "customer": 1, "department": 1, "area": 1, "contract": 1, "engineers": [1]}}, {"model": "machine.machine", "pk": 6, "fields": {"name": "3655", "serial": 22332323, "serial2": "212j", "machine_model": "36", "slug": "45fdtr6776", "description": "this is mono phasor", "added": "2020-09-27T17:43:32.843Z", "speed": 55, "machine_category": null, "customer": 1, "department": 1, "area": 1, "contract": 1, "engineers": [1]}}, {"model": "machine.machine", "pk": 7, "fields": {"name": "7855", "serial": 213434, "serial2": "222323131", "machine_model": "78", "slug": "213434-21", "description": "this is color machine, 55 ppm, full function machine", "added": "2020-09-22T20:26:26.556Z", "speed": 55, "machine_category": null, "customer": 1, "department": 1, "area": 1, "contract": null, "engineers": [1]}}, {"model": "machine.machine", "pk": 8, "fields": {"name": "7855", "serial": 2134534, "serial2": "22423231", "machine_model": "78", "slug": "21y34-21", "description": "this is color machine, 55 ppm, full function machine", "added": "2020-09-22T20:26:26.556Z", "speed": 55, "machine_category": null, "customer": 1, "department": 1, "area": 1, "contract": null, "engineers": [1]}}, {"model": "machine.machine", "pk": 9, "fields": {"name": "7865", "serial": 2134734, "serial2": "272323131", "machine_model": "78", "slug": "213j4-21", "description": "this is color machine, 65 ppm, full function machine", "added": "2020-09-22T20:26:26.556Z", "speed": 55, "machine_category": null, "customer": 1, "department": 1, "area": 1, "contract": null, "engineers": [1]}}, {"model": "machine.machine", "pk": 10, "fields": {"name": "7835", "serial": 2188934, "serial2": "22r31", "machine_model": "78", "slug": "21ydd34-21", "description": "this is color machine, 35 ppm, full function machine", "added": "2020-09-22T20:26:26.556Z", "speed": 55, "machine_category": null, "customer": 1, "department": 1, "area": 1, "contract": null, "engineers": [1]}}, {"model": "machine.machine", "pk": 11, "fields": {"name": "7835", "serial": 2139774, "serial2": "2r23131", "machine_model": "78", "slug": "21dfds3j4-21", "description": "this is color machine, 35 ppm, full function machine", "added": "2020-09-22T20:26:26.556Z", "speed": 55, "machine_category": null, "customer": 1, "department": 1, "area": 1, "contract": null, "engineers": [1]}}, {"model": "machine.machine", "pk": 12, "fields": {"name": "7835", "serial": 2134874, "serial2": "2r2323131", "machine_model": "78", "slug": "2134df34-21", "description": "this is color machine, 35 ppm, full function machine", "added": "2020-09-22T20:26:26.556Z", "speed": 55, "machine_category": null, "customer": 1, "department": 1, "area": 1, "contract": null, "engineers": [1]}}, {"model": "machine.machine", "pk": 13, "fields": {"name": "7835", "serial": 21348934, "serial2": "22r131", "machine_model": "78", "slug": "213434-d21", "description": "this is color machine, 35 ppm, full function machine", "added": "2020-09-22T20:26:26.556Z", "speed": 55, "machine_category": null, "customer": 1, "department": 1, "area": 1, "contract": null, "engineers": [1]}}, {"model": "machine.machine", "pk": 14, "fields": {"name": "7835", "serial": 2134378, "serial2": "2rtr31", "machine_model": "78", "slug": "2dd13434-21", "description": "this is color machine, 35 ppm, full function machine", "added": "2020-09-22T20:26:26.556Z", "speed": 55, "machine_category": null, "customer": 1, "department": 1, "area": 1, "contract": null, "engineers": [1]}}, {"model": "machine.machine", "pk": 15, "fields": {"name": "7835", "serial": 2137874, "serial2": "222131", "machine_model": "78", "slug": "2dd13w434-21", "description": "this is color machine, 35 ppm, full function machine", "added": "2020-09-22T20:26:26.556Z", "speed": 55, "machine_category": null, "customer": 1, "department": 1, "area": 1, "contract": null, "engineers": [1]}}, {"model": "machine.machine", "pk": 16, "fields": {"name": "7855", "serial": 21348794, "serial2": "222431", "machine_model": "78", "slug": "21dd3uu434-21", "description": "this is color machine, 55 ppm, full function machine", "added": "2020-09-22T20:26:26.556Z", "speed": 55, "machine_category": null, "customer": 1, "department": 1, "area": 1, "contract": null, "engineers": [1]}}, {"model": "machine.machine", "pk": 17, "fields": {"name": "7855", "serial": 21348784, "serial2": "22232131", "machine_model": "78", "slug": "2134sdsx34-21", "description": "this is color machine, 55 ppm, full function machine", "added": "2020-09-22T20:26:26.556Z", "speed": 55, "machine_category": null, "customer": 1, "department": 1, "area": 1, "contract": null, "engineers": [1]}}, {"model": "machine.machine", "pk": 18, "fields": {"name": "7855", "serial": 21348894, "serial2": "2223r131", "machine_model": "78", "slug": "2xx13434-21", "description": "this is color machine, 55 ppm, full function machine", "added": "2020-09-22T20:26:26.556Z", "speed": 55, "machine_category": null, "customer": 1, "department": 1, "area": 1, "contract": null, "engineers": [1]}}, {"model": "machine.machine", "pk": 19, "fields": {"name": "7865", "serial": 21387634, "serial2": "2221r31", "machine_model": "78", "slug": "213ccv434-21", "description": "this is color machine, 65 ppm, full function machine", "added": "2020-09-22T20:26:26.556Z", "speed": 55, "machine_category": null, "customer": 1, "department": 1, "area": 1, "contract": null, "engineers": [1]}}, {"model": "machine.machine", "pk": 20, "fields": {"name": "7865", "serial": 21346664, "serial2": "22213r1", "machine_model": "78", "slug": "2143xxx4-21", "description": "this is color machine, 65 ppm, full function machine", "added": "2020-09-22T20:26:26.556Z", "speed": 55, "machine_category": null, "customer": 1, "department": 1, "area": 1, "contract": null, "engineers": [1]}}, {"model": "machine.machine", "pk": 21, "fields": {"name": "7865", "serial": 21343664, "serial2": "222433r1", "machine_model": "78", "slug": "21343xxx4-21", "description": "this is color machine, 65 ppm, full function machine", "added": "2020-09-22T20:26:26.556Z", "speed": 55, "machine_category": null, "customer": 1, "department": 1, "area": 1, "contract": null, "engineers": [1]}}, {"model": "machine.machine", "pk": 22, "fields": {"name": "7835", "serial": 3188934, "serial2": "32r31", "machine_model": "78", "slug": "31ydd34-21", "description": "this is color machine, 35 ppm, full function machine", "added": "2020-09-22T20:26:26.556Z", "speed": 55, "machine_category": null, "customer": 1, "department": 1, "area": 1, "contract": null, "engineers": [1]}}, {"model": "machine.machine", "pk": 23, "fields": {"name": "7835", "serial": 3139774, "serial2": "3r23131", "machine_model": "78", "slug": "31dfds3j4-21", "description": "this is color machine, 35 ppm, full function machine", "added": "2020-09-22T20:26:26.556Z", "speed": 55, "machine_category": null, "customer": 1, "department": 1, "area": 1, "contract": null, "engineers": [1]}}, {"model": "machine.machine", "pk": 24, "fields": {"name": "7835", "serial": 3134874, "serial2": "3r2323131", "machine_model": "78", "slug": "3134df34-21", "description": "this is color machine, 35 ppm, full function machine", "added": "2020-09-22T20:26:26.556Z", "speed": 55, "machine_category": null, "customer": 1, "department": 1, "area": 1, "contract": null, "engineers": [1]}}, {"model": "machine.machine", "pk": 25, "fields": {"name": "7835", "serial": 31348934, "serial2": "32r131", "machine_model": "78", "slug": "313434-d21", "description": "this is color machine, 35 ppm, full function machine", "added": "2020-09-22T20:26:26.556Z", "speed": 55, "machine_category": null, "customer": 1, "department": 1, "area": 1, "contract": null, "engineers": [1]}}, {"model": "machine.machine", "pk": 26, "fields": {"name": "7835", "serial": 3134378, "serial2": "3rtr31", "machine_model": "78", "slug": "3dd13434-21", "description": "this is color machine, 35 ppm, full function machine", "added": "2020-09-22T20:26:26.556Z", "speed": 55, "machine_category": null, "customer": 1, "department": 1, "area": 1, "contract": null, "engineers": [1]}}, {"model": "machine.machine", "pk": 27, "fields": {"name": "7835", "serial": 3137874, "serial2": "322131", "machine_model": "78", "slug": "3dd13w434-21", "description": "this is color machine, 35 ppm, full function machine", "added": "2020-09-22T20:26:26.556Z", "speed": 55, "machine_category": null, "customer": 1, "department": 1, "area": 1, "contract": null, "engineers": [1]}}, {"model": "machine.machine", "pk": 28, "fields": {"name": "7855", "serial": 31348794, "serial2": "322431", "machine_model": "78", "slug": "31dd3uu434-21", "description": "this is color machine, 55 ppm, full function machine", "added": "2020-09-22T20:26:26.556Z", "speed": 55, "machine_category": null, "customer": 1, "department": 1, "area": 1, "contract": null, "engineers": [1]}}, {"model": "machine.machine", "pk": 29, "fields": {"name": "7855", "serial": 31348784, "serial2": "32232131", "machine_model": "78", "slug": "3134sdsx34-21", "description": "this is color machine, 55 ppm, full function machine", "added": "2020-09-22T20:26:26.556Z", "speed": 55, "machine_category": null, "customer": 1, "department": 1, "area": 1, "contract": null, "engineers": [1]}}, {"model": "machine.machine", "pk": 30, "fields": {"name": "7855", "serial": 31348894, "serial2": "3223r131", "machine_model": "78", "slug": "3xx13434-21", "description": "this is color machine, 55 ppm, full function machine", "added": "2020-09-22T20:26:26.556Z", "speed": 55, "machine_category": null, "customer": 1, "department": 1, "area": 1, "contract": null, "engineers": [1]}}, {"model": "machine.machine", "pk": 31, "fields": {"name": "7865", "serial": 31387634, "serial2": "3221r31", "machine_model": "78", "slug": "313ccv434-21", "description": "this is color machine, 65 ppm, full function machine", "added": "2020-09-22T20:26:26.556Z", "speed": 55, "machine_category": null, "customer": 1, "department": 1, "area": 1, "contract": null, "engineers": [1]}}, {"model": "machine.machine", "pk": 32, "fields": {"name": "7865", "serial": 31346664, "serial2": "32213r1", "machine_model": "78", "slug": "3143xxx4-21", "description": "this is color machine, 65 ppm, full function machine", "added": "2020-09-22T20:26:26.556Z", "speed": 55, "machine_category": null, "customer": 1, "department": 1, "area": 1, "contract": null, "engineers": [1]}}, {"model": "machine.machine", "pk": 33, "fields": {"name": "7865", "serial": 31343664, "serial2": "322433r1", "machine_model": "78", "slug": "31343xxx4-21", "description": "this is color machine, 65 ppm, full function machine", "added": "2020-09-22T20:26:26.556Z", "speed": 55, "machine_category": null, "customer": 1, "department": 1, "area": 1, "contract": null, "engineers": [1]}}, {"model": "machine.machine", "pk": 34, "fields": {"name": "5835", "serial": 4188934, "serial2": "42r31", "machine_model": "58", "slug": "41ydd34-21", "description": "this is mono machine, 35 ppm, full function machine", "added": "2020-09-22T20:26:26.556Z", "speed": 35, "machine_category": null, "customer": 1, "department": 1, "area": 1, "contract": null, "engineers": [2]}}, {"model": "machine.machine", "pk": 35, "fields": {"name": "5835", "serial": 4139774, "serial2": "4r23131", "machine_model": "58", "slug": "41dfds3j4-21", "description": "this is mono machine, 35 ppm, full function machine", "added": "2020-09-22T20:26:26.556Z", "speed": 35, "machine_category": null, "customer": 1, "department": 1, "area": 1, "contract": null, "engineers": [2]}}, {"model": "machine.machine", "pk": 36, "fields": {"name": "5835", "serial": 4134874, "serial2": "4r2323131", "machine_model": "58", "slug": "4134df34-21", "description": "this is mono machine, 35 ppm, full function machine", "added": "2020-09-22T20:26:26.556Z", "speed": 35, "machine_category": null, "customer": 1, "department": 1, "area": 1, "contract": null, "engineers": [2]}}, {"model": "machine.machine", "pk": 37, "fields": {"name": "5835", "serial": 413934, "serial2": "42r131", "machine_model": "58", "slug": "413434-d21", "description": "this is mono machine, 35 ppm, full function machine", "added": "2020-09-22T20:26:26.556Z", "speed": 35, "machine_category": "mono workcentre", "customer": 2, "department": 2, "area": 2, "contract": 1, "engineers": [2]}}, {"model": "machine.machine", "pk": 38, "fields": {"name": "7835", "serial": 4134378, "serial2": "4rtr31", "machine_model": "78", "slug": "4dd13434-21", "description": "this is color machine, 35 ppm, full function machine", "added": "2020-09-22T20:26:26.556Z", "speed": 35, "machine_category": "color workcentre", "customer": 2, "department": 2, "area": 2, "contract": 1, "engineers": [2]}}, {"model": "machine.machine", "pk": 39, "fields": {"name": "7835", "serial": 4137874, "serial2": "422131", "machine_model": "78", "slug": "4dd13w434-21", "description": "this is color machine, 35 ppm, full function machine", "added": "2020-09-22T20:26:26.556Z", "speed": 35, "machine_category": "color workcentre", "customer": 2, "department": 2, "area": 2, "contract": 1, "engineers": [2]}}, {"model": "machine.machine", "pk": 40, "fields": {"name": "5955", "serial": 4318794, "serial2": "422431", "machine_model": "59", "slug": "41dd3uu434-21", "description": "this is mono machine, 55 ppm, full function machine", "added": "2020-09-22T20:26:26.556Z", "speed": 55, "machine_category": "color workcentre", "customer": 2, "department": 2, "area": 2, "contract": 1, "engineers": [2]}}, {"model": "machine.machine", "pk": 41, "fields": {"name": "5955", "serial": 4313784, "serial2": "42232131", "machine_model": "59", "slug": "4134sdsx34-21", "description": "this is mono machine, 55 ppm, full function machine", "added": "2020-09-22T20:26:26.556Z", "speed": 55, "machine_category": null, "customer": 2, "department": 2, "area": 2, "contract": 1, "engineers": [2]}}, {"model": "machine.machine", "pk": 42, "fields": {"name": "5955", "serial": 4134894, "serial2": "4223r131", "machine_model": "59", "slug": "4xx13434-21", "description": "this is mono machine, 55 ppm, full function machine", "added": "2020-09-22T20:26:26.556Z", "speed": 55, "machine_category": null, "customer": 2, "department": 2, "area": 2, "contract": null, "engineers": [2]}}, {"model": "machine.machine", "pk": 43, "fields": {"name": "5865", "serial": 4143634, "serial2": "4221r31", "machine_model": "58", "slug": "413ccv434-21", "description": "this is mono machine, 65 ppm, full function machine", "added": "2020-09-22T20:26:26.556Z", "speed": 65, "machine_category": null, "customer": 2, "department": 2, "area": 2, "contract": null, "engineers": [2]}}, {"model": "machine.machine", "pk": 44, "fields": {"name": "5865", "serial": 4134664, "serial2": "42213r1", "machine_model": "58", "slug": "4143xxx4-21", "description": "this is mono machine, 65 ppm, full function machine", "added": "2020-09-22T20:26:26.556Z", "speed": 65, "machine_category": "mono workcentre", "customer": 2, "department": 2, "area": 2, "contract": 1, "engineers": [2]}}, {"model": "machine.machine", "pk": 45, "fields": {"name": "5865", "serial": 4413664, "serial2": "422433r1", "machine_model": "58", "slug": "41343xxx4-21", "description": "this is mono machine, 65 ppm, full function machine", "added": "2020-09-22T20:26:26.556Z", "speed": 65, "machine_category": "mono workcentre", "customer": 2, "department": 2, "area": 2, "contract": 1, "engineers": [2]}}, {"model": "machine.machine", "pk": 46, "fields": {"name": "5835", "serial": 5188934, "serial2": "542r31", "machine_model": "58", "slug": "51ydd34-21", "description": "this is mono machine, 35 ppm, full function machine", "added": "2020-09-22T20:26:26.556Z", "speed": 35, "machine_category": "mono workcentre", "customer": 1, "department": 1, "area": 1, "contract": 2, "engineers": [1]}}, {"model": "machine.machine", "pk": 47, "fields": {"name": "5835", "serial": 5139774, "serial2": "5r23131", "machine_model": "58", "slug": "51dfds3j4-21", "description": "this is mono machine, 35 ppm, full function machine", "added": "2020-09-22T20:26:26.556Z", "speed": 35, "machine_category": "mono workcentre", "customer": 1, "department": 1, "area": 1, "contract": 2, "engineers": [1]}}, {"model": "machine.machine", "pk": 48, "fields": {"name": "5835", "serial": 5134874, "serial2": "5r2323131", "machine_model": "58", "slug": "5134df34-21", "description": "this is mono machine, 35 ppm, full function machine", "added": "2020-09-22T20:26:26.556Z", "speed": 35, "machine_category": "mono workcentre", "customer": 1, "department": 1, "area": 1, "contract": 2, "engineers": [1]}}, {"model": "machine.machine", "pk": 49, "fields": {"name": "5835", "serial": 513934, "serial2": "52r131", "machine_model": "58", "slug": "513434-d21", "description": "this is mono machine, 35 ppm, full function machine", "added": "2020-09-22T20:26:26.556Z", "speed": 35, "machine_category": "mono workcentre", "customer": 1, "department": 1, "area": 1, "contract": 2, "engineers": [1]}}, {"model": "machine.machine", "pk": 50, "fields": {"name": "7835", "serial": 5134378, "serial2": "5rtr31", "machine_model": "78", "slug": "5dd13434-21", "description": "this is color machine, 35 ppm, full function machine", "added": "2020-09-22T20:26:26.556Z", "speed": 35, "machine_category": "color workcentre", "customer": 1, "department": 1, "area": 1, "contract": 2, "engineers": [1]}}, {"model": "machine.machine", "pk": 51, "fields": {"name": "7835", "serial": 5137874, "serial2": "522131", "machine_model": "78", "slug": "5dd13w434-21", "description": "this is color machine, 35 ppm, full function machine", "added": "2020-09-22T20:26:26.556Z", "speed": 35, "machine_category": null, "customer": 1, "department": 1, "area": 1, "contract": null, "engineers": [1]}}, {"model": "machine.machine", "pk": 52, "fields": {"name": "5955", "serial": 5318794, "serial2": "522431", "machine_model": "59", "slug": "51dd3uu434-21", "description": "this is mono machine, 55 ppm, full function machine", "added": "2020-09-22T20:26:26.556Z", "speed": 55, "machine_category": null, "customer": 1, "department": 1, "area": 1, "contract": null, "engineers": [1]}}, {"model": "machine.machine", "pk": 53, "fields": {"name": "5955", "serial": 5313784, "serial2": "52232131", "machine_model": "59", "slug": "5134sdsx34-21", "description": "this is mono machine, 55 ppm, full function machine", "added": "2020-09-22T20:26:26.556Z", "speed": 55, "machine_category": null, "customer": 1, "department": 1, "area": 1, "contract": null, "engineers": [1]}}, {"model": "machine.machine", "pk": 54, "fields": {"name": "5955", "serial": 5134894, "serial2": "5223r131", "machine_model": "59", "slug": "5xx13434-21", "description": "this is mono machine, 55 ppm, full function machine", "added": "2020-09-22T20:26:26.556Z", "speed": 55, "machine_category": null, "customer": 1, "department": 1, "area": 1, "contract": null, "engineers": [1]}}, {"model": "machine.machine", "pk": 55, "fields": {"name": "5865", "serial": 5143634, "serial2": "5221r31", "machine_model": "58", "slug": "513ccv434-21", "description": "this is mono machine, 65 ppm, full function machine", "added": "2020-09-22T20:26:26.556Z", "speed": 65, "machine_category": null, "customer": 1, "department": 1, "area": 1, "contract": null, "engineers": [1]}}, {"model": "machine.machine", "pk": 56, "fields": {"name": "5865", "serial": 5134664, "serial2": "52213r1", "machine_model": "58", "slug": "5143xxx4-21", "description": "this is mono machine, 65 ppm, full function machine", "added": "2020-09-22T20:26:26.556Z", "speed": 65, "machine_category": null, "customer": 1, "department": 1, "area": 1, "contract": null, "engineers": [1]}}, {"model": "machine.machine", "pk": 57, "fields": {"name": "5865", "serial": 5413664, "serial2": "522433r1", "machine_model": "58", "slug": "51343xxx4-21", "description": "this is mono machine, 65 ppm, full function machine", "added": "2020-09-22T20:26:26.556Z", "speed": 65, "machine_category": null, "customer": 1, "department": 1, "area": 1, "contract": null, "engineers": [1]}}, {"model": "machine.machine", "pk": 58, "fields": {"name": "5835", "serial": 43348934, "serial2": "4342rt31", "machine_model": "58", "slug": "751ydd34-31", "description": "this is mono machine, 35 ppm, full function machine", "added": "2020-09-22T20:26:26.556Z", "speed": 35, "machine_category": null, "customer": 1, "department": 1, "area": 1, "contract": null, "engineers": [1]}}, {"model": "machine.machine", "pk": 59, "fields": {"name": "5955", "serial": 43497774, "serial2": "434231t31", "machine_model": "58", "slug": "751dfds3j4-31", "description": "this is mono machine, 35 ppm, full function machine", "added": "2020-09-22T20:26:26.556Z", "speed": 35, "machine_category": "mono workcentre", "customer": 1, "department": 1, "area": 1, "contract": 3, "engineers": [1]}}, {"model": "machine.machine", "pk": 60, "fields": {"name": "5835", "serial": 43448774, "serial2": "434331t31", "machine_model": "58", "slug": "75134df34-21", "description": "this is mono machine, 35 ppm, full function machine", "added": "2020-09-22T20:26:26.556Z", "speed": 35, "machine_category": null, "customer": 1, "department": 1, "area": 1, "contract": null, "engineers": [1]}}, {"model": "machine.machine", "pk": 61, "fields": {"name": "5835", "serial": 43493554, "serial2": "434ry131", "machine_model": "58", "slug": "7513434-d21", "description": "this is mono machine, 35 ppm, full function machine", "added": "2020-09-22T20:26:26.556Z", "speed": 35, "machine_category": null, "customer": 1, "department": 1, "area": 1, "contract": null, "engineers": [1]}}, {"model": "machine.machine", "pk": 62, "fields": {"name": "7835", "serial": 43454378, "serial2": "43t4tr31", "machine_model": "78", "slug": "75dd13434-21", "description": "this is color machine, 35 ppm, full function machine", "added": "2020-09-22T20:26:26.556Z", "speed": 35, "machine_category": null, "customer": 1, "department": 1, "area": 1, "contract": null, "engineers": [1]}}, {"model": "machine.machine", "pk": 63, "fields": {"name": "7835", "serial": 43478574, "serial2": "4342131", "machine_model": "78", "slug": "75dd13w434-21", "description": "this is color machine, 35 ppm, full function machine", "added": "2020-09-22T20:26:26.556Z", "speed": 35, "machine_category": null, "customer": 1, "department": 1, "area": 1, "contract": null, "engineers": [1]}}, {"model": "machine.machine", "pk": 64, "fields": {"name": "5955", "serial": 43487954, "serial2": "43424631", "machine_model": "59", "slug": "751dd3uu434-21", "description": "this is mono machine, 55 ppm, full function machine", "added": "2020-09-22T20:26:26.556Z", "speed": 55, "machine_category": null, "customer": 1, "department": 1, "area": 1, "contract": null, "engineers": [1]}}, {"model": "machine.machine", "pk": 65, "fields": {"name": "5955", "serial": 43437854, "serial2": "434239131", "machine_model": "59", "slug": "75134sdsx34-21", "description": "this is mono machine, 55 ppm, full function machine", "added": "2020-09-22T20:26:26.556Z", "speed": 55, "machine_category": null, "customer": 1, "department": 1, "area": 1, "contract": null, "engineers": [1]}}, {"model": "machine.machine", "pk": 66, "fields": {"name": "5955", "serial": 43448954, "serial2": "43493r131", "machine_model": "59", "slug": "75xx13434-21", "description": "this is mono machine, 55 ppm, full function machine", "added": "2020-09-22T20:26:26.556Z", "speed": 55, "machine_category": null, "customer": 1, "department": 1, "area": 1, "contract": null, "engineers": [1]}}, {"model": "machine.machine", "pk": 67, "fields": {"name": "5865", "serial": 43436354, "serial2": "434o1r31", "machine_model": "58", "slug": "7513ccv434-21", "description": "this is mono machine, 65 ppm, full function machine", "added": "2020-09-22T20:26:26.556Z", "speed": 65, "machine_category": null, "customer": 1, "department": 1, "area": 1, "contract": null, "engineers": [1]}}, {"model": "machine.machine", "pk": 68, "fields": {"name": "5865", "serial": 43446654, "serial2": "43413r1", "machine_model": "58", "slug": "75143xxx4-21", "description": "this is mono machine, 65 ppm, full function machine", "added": "2020-09-22T20:26:26.556Z", "speed": 65, "machine_category": null, "customer": 1, "department": 1, "area": 1, "contract": null, "engineers": [1]}}, {"model": "machine.machine", "pk": 69, "fields": {"name": "5865", "serial": 43436654, "serial2": "434673r1", "machine_model": "58", "slug": "751343xxx4-21", "description": "this is mono machine, 65 ppm, full function machine", "added": "2020-09-22T20:26:26.556Z", "speed": 65, "machine_category": null, "customer": 1, "department": 1, "area": 1, "contract": null, "engineers": [1]}}, {"model": "machine.machine", "pk": 70, "fields": {"name": "7835", "serial": 43486354, "serial2": "434r3k1", "machine_model": "78", "slug": "731ydd34-21", "description": "this is color machine, 35 ppm, full function machine", "added": "2020-09-22T20:26:26.556Z", "speed": 55, "machine_category": null, "customer": 1, "department": 1, "area": 1, "contract": null, "engineers": [1]}}, {"model": "machine.machine", "pk": 71, "fields": {"name": "7835", "serial": 43479774, "serial2": "4343131", "machine_model": "78", "slug": "731dfds3j4-21", "description": "this is color machine, 35 ppm, full function machine", "added": "2020-09-22T20:26:26.556Z", "speed": 55, "machine_category": null, "customer": 1, "department": 1, "area": 1, "contract": null, "engineers": [1]}}, {"model": "machine.machine", "pk": 72, "fields": {"name": "7835", "serial": 43554874, "serial2": "433323131", "machine_model": "78", "slug": "73134dft34-31", "description": "this is color machine, 35 ppm, full function machine", "added": "2020-09-22T20:26:26.556Z", "speed": 55, "machine_category": null, "customer": 1, "department": 1, "area": 1, "contract": null, "engineers": [1]}}, {"model": "machine.machine", "pk": 73, "fields": {"name": "7835", "serial": 43448934, "serial2": "434rt131", "machine_model": "78", "slug": "7313434-d31", "description": "this is color machine, 35 ppm, full function machine", "added": "2020-09-22T20:26:26.556Z", "speed": 55, "machine_category": null, "customer": 1, "department": 1, "area": 1, "contract": null, "engineers": [1]}}, {"model": "machine.machine", "pk": 74, "fields": {"name": "7835", "serial": 4344378, "serial2": "434rt31", "machine_model": "78", "slug": "73dd13434-31", "description": "this is color machine, 35 ppm, full function machine", "added": "2020-09-22T20:26:26.556Z", "speed": 55, "machine_category": null, "customer": 1, "department": 1, "area": 1, "contract": null, "engineers": [1]}}, {"model": "machine.machine", "pk": 78, "fields": {"name": "7835", "serial": 43479874, "serial2": "4341tg31", "machine_model": "78", "slug": "73dd13w434-441", "description": "this is color machine, 35 ppm, full function machine", "added": "2020-09-22T20:26:26.556Z", "speed": 55, "machine_category": null, "customer": 1, "department": 1, "area": 1, "contract": null, "engineers": [1]}}, {"model": "machine.machine", "pk": 79, "fields": {"name": "7855", "serial": 43448794, "serial2": "43424t31", "machine_model": "78", "slug": "731dd3uu434-451", "description": "this is color machine, 55 ppm, full function machine", "added": "2020-09-22T20:26:26.556Z", "speed": 55, "machine_category": null, "customer": 1, "department": 1, "area": 1, "contract": null, "engineers": [1]}}, {"model": "machine.machine", "pk": 80, "fields": {"name": "7855", "serial": 43448784, "serial2": "434232t131", "machine_model": "78", "slug": "73134sdsx34-461", "description": "this is color machine, 55 ppm, full function machine", "added": "2020-09-22T20:26:26.556Z", "speed": 55, "machine_category": null, "customer": 1, "department": 1, "area": 1, "contract": null, "engineers": [1]}}, {"model": "machine.machine", "pk": 81, "fields": {"name": "7855", "serial": 43448894, "serial2": "43423tr131", "machine_model": "78", "slug": "73xx13434-561", "description": "this is color machine, 55 ppm, full function machine", "added": "2020-09-22T20:26:26.556Z", "speed": 55, "machine_category": null, "customer": 1, "department": 1, "area": 1, "contract": null, "engineers": [1]}}, {"model": "machine.machine", "pk": 82, "fields": {"name": "7865", "serial": 43487634, "serial2": "43421r31", "machine_model": "78", "slug": "7313ccv434-5671", "description": "this is color machine, 65 ppm, full function machine", "added": "2020-09-22T20:26:26.556Z", "speed": 55, "machine_category": null, "customer": 1, "department": 1, "area": 1, "contract": null, "engineers": [1]}}, {"model": "machine.machine", "pk": 83, "fields": {"name": "7865", "serial": 43446664, "serial2": "4342t13r1", "machine_model": "78", "slug": "73143xxx4-555", "description": "this is color machine, 65 ppm, full function machine", "added": "2020-09-22T20:26:26.556Z", "speed": 55, "machine_category": null, "customer": 1, "department": 1, "area": 1, "contract": null, "engineers": [1]}}, {"model": "machine.machine", "pk": 84, "fields": {"name": "7865", "serial": 43455645, "serial2": "434t433r1", "machine_model": "78", "slug": "731343xxx4-45", "description": "this is color machine, 65 ppm, full function machine", "added": "2020-09-22T20:26:26.556Z", "speed": 55, "machine_category": null, "customer": 1, "department": 1, "area": 1, "contract": null, "engineers": [1]}}, {"model": "machine.machine", "pk": 85, "fields": {"name": "5835", "serial": 4348934, "serial2": "434tr31", "machine_model": "58", "slug": "751ydd34-44", "description": "this is mono machine, 35 ppm, full function machine", "added": "2020-09-22T20:26:26.556Z", "speed": 35, "machine_category": null, "customer": 1, "department": 1, "area": 1, "contract": null, "engineers": [1]}}, {"model": "machine.machine", "pk": 86, "fields": {"name": "5835", "serial": 4349774, "serial2": "4343t131", "machine_model": "58", "slug": "751dfds3j4-55", "description": "this is mono machine, 35 ppm, full function machine", "added": "2020-09-22T20:26:26.556Z", "speed": 35, "machine_category": null, "customer": 1, "department": 1, "area": 1, "contract": null, "engineers": [1]}}, {"model": "machine.machine", "pk": 87, "fields": {"name": "5835", "serial": 4344874, "serial2": "434t23131", "machine_model": "58", "slug": "75134df34-33", "description": "this is mono machine, 35 ppm, full function machine", "added": "2020-09-22T20:26:26.556Z", "speed": 35, "machine_category": null, "customer": 1, "department": 1, "area": 1, "contract": null, "engineers": [1]}}, {"model": "machine.machine", "pk": 88, "fields": {"name": "5835", "serial": 43493455, "serial2": "434tr131", "machine_model": "58", "slug": "7513434-d33", "description": "this is mono machine, 35 ppm, full function machine", "added": "2020-09-22T20:26:26.556Z", "speed": 35, "machine_category": null, "customer": 1, "department": 1, "area": 1, "contract": null, "engineers": [1]}}, {"model": "machine.machine", "pk": 89, "fields": {"name": "7835", "serial": 13443785, "serial2": "434ttzr31", "machine_model": "78", "slug": "75dd13434-33", "description": "this is color machine, 35 ppm, full function machine", "added": "2020-09-22T20:26:26.556Z", "speed": 35, "machine_category": null, "customer": 1, "department": 1, "area": 1, "contract": null, "engineers": [1]}}, {"model": "machine.machine", "pk": 90, "fields": {"name": "7835", "serial": 43478745, "serial2": "434t131", "machine_model": "78", "slug": "75dd13w434-241", "description": "this is color machine, 35 ppm, full function machine", "added": "2020-09-22T20:26:26.556Z", "speed": 35, "machine_category": null, "customer": 1, "department": 1, "area": 1, "contract": null, "engineers": [1]}}, {"model": "machine.machine", "pk": 91, "fields": {"name": "5955", "serial": 43487945, "serial2": "434t431", "machine_model": "59", "slug": "751dd3uu434-231", "description": "this is mono machine, 55 ppm, full function machine", "added": "2020-09-22T20:26:26.556Z", "speed": 55, "machine_category": null, "customer": 1, "department": 1, "area": 1, "contract": null, "engineers": [1]}}, {"model": "machine.machine", "pk": 92, "fields": {"name": "5955", "serial": 43437845, "serial2": "434t32131", "machine_model": "59", "slug": "75134sdsx34-231", "description": "this is mono machine, 55 ppm, full function machine", "added": "2020-09-22T20:26:26.556Z", "speed": 55, "machine_category": null, "customer": 1, "department": 1, "area": 1, "contract": null, "engineers": [1]}}, {"model": "machine.machine", "pk": 93, "fields": {"name": "5955", "serial": 43448945, "serial2": "432t3r131", "machine_model": "59", "slug": "5xx13434-231", "description": "this is mono machine, 55 ppm, full function machine", "added": "2020-09-22T20:26:26.556Z", "speed": 55, "machine_category": null, "customer": 1, "department": 1, "area": 1, "contract": null, "engineers": [1]}}, {"model": "machine.machine", "pk": 94, "fields": {"name": "5865", "serial": 43436345, "serial2": "43t1r31", "machine_model": "58", "slug": "7513ccv434-231", "description": "this is mono machine, 65 ppm, full function machine", "added": "2020-09-22T20:26:26.556Z", "speed": 65, "machine_category": null, "customer": 1, "department": 1, "area": 1, "contract": null, "engineers": [1]}}, {"model": "machine.machine", "pk": 95, "fields": {"name": "5865", "serial": 43446645, "serial2": "434t13r1", "machine_model": "58", "slug": "75143xxx4-213", "description": "this is mono machine, 65 ppm, full function machine", "added": "2020-09-22T20:26:26.556Z", "speed": 65, "machine_category": null, "customer": 1, "department": 1, "area": 1, "contract": null, "engineers": [1]}}, {"model": "machine.machine", "pk": 96, "fields": {"name": "5865", "serial": 43436645, "serial2": "4344t33r1", "machine_model": "58", "slug": "751343xxx4-231", "description": "this is mono machine, 65 ppm, full function machine", "added": "2020-09-22T20:26:26.556Z", "speed": 65, "machine_category": null, "customer": 1, "department": 1, "area": 1, "contract": null, "engineers": [1]}}, {"model": "machine.machine", "pk": 97, "fields": {"name": "7835", "serial": 43489345, "serial2": "4343tt1", "machine_model": "78", "slug": "731ydd34-231", "description": "this is color machine, 35 ppm, full function machine", "added": "2020-09-22T20:26:26.556Z", "speed": 55, "machine_category": null, "customer": 1, "department": 1, "area": 1, "contract": null, "engineers": [1]}}, {"model": "machine.machine", "pk": 98, "fields": {"name": "7835", "serial": 13497745, "serial2": "434313t1", "machine_model": "78", "slug": "731dfds3j4-231", "description": "this is color machine, 35 ppm, full function machine", "added": "2020-09-22T20:26:26.556Z", "speed": 55, "machine_category": null, "customer": 1, "department": 1, "area": 1, "contract": null, "engineers": [1]}}, {"model": "machine.machine", "pk": 99, "fields": {"name": "7835", "serial": 49994874, "serial2": "4343tt131", "machine_model": "78", "slug": "73134df34-231", "description": "this is color machine, 35 ppm, full function machine", "added": "2020-09-22T20:26:26.556Z", "speed": 55, "machine_category": null, "customer": 1, "department": 1, "area": 1, "contract": null, "engineers": [1]}}, {"model": "machine.machine", "pk": 100, "fields": {"name": "7835", "serial": 4344893, "serial2": "43ttr131", "machine_model": "78", "slug": "7313434-d231", "description": "this is color machine, 35 ppm, full function machine", "added": "2020-09-22T20:26:26.556Z", "speed": 55, "machine_category": null, "customer": 1, "department": 1, "area": 1, "contract": null, "engineers": [1]}}, {"model": "machine.machine", "pk": 101, "fields": {"name": "7835", "serial": 43449985, "serial2": "434ttt31", "machine_model": "78", "slug": "73dd13434-231", "description": "this is color machine, 35 ppm, full function machine", "added": "2020-09-22T20:26:26.556Z", "speed": 55, "machine_category": null, "customer": 1, "department": 1, "area": 1, "contract": null, "engineers": [1]}}, {"model": "machine.machine", "pk": 102, "fields": {"name": "7835", "serial": 43498945, "serial2": "434213tt1", "machine_model": "78", "slug": "73dd13w434-231", "description": "this is color machine, 35 ppm, full function machine", "added": "2020-09-22T20:26:26.556Z", "speed": 55, "machine_category": null, "customer": 1, "department": 1, "area": 1, "contract": null, "engineers": [1]}}, {"model": "machine.machine", "pk": 103, "fields": {"name": "7855", "serial": 43498994, "serial2": "43243tt1", "machine_model": "78", "slug": "731dd3uu434-231", "description": "this is color machine, 55 ppm, full function machine", "added": "2020-09-22T20:26:26.556Z", "speed": 55, "machine_category": null, "customer": 1, "department": 1, "area": 1, "contract": null, "engineers": [1]}}, {"model": "machine.machine", "pk": 104, "fields": {"name": "7855", "serial": 43888784, "serial2": "4342tt131", "machine_model": "78", "slug": "73134sdsx34-231", "description": "this is color machine, 55 ppm, full function machine", "added": "2020-09-22T20:26:26.556Z", "speed": 55, "machine_category": null, "customer": 1, "department": 1, "area": 1, "contract": null, "engineers": [1]}}, {"model": "machine.machine", "pk": 105, "fields": {"name": "7855", "serial": 43488894, "serial2": "4343tt31", "machine_model": "78", "slug": "73xx13434-231", "description": "this is color machine, 55 ppm, full function machine", "added": "2020-09-22T20:26:26.556Z", "speed": 55, "machine_category": null, "customer": 1, "department": 1, "area": 1, "contract": null, "engineers": [1]}}, {"model": "machine.machine", "pk": 106, "fields": {"name": "7865", "serial": 43487345, "serial2": "43477ttr31", "machine_model": "78", "slug": "7313ccv434-231", "description": "this is color machine, 65 ppm, full function machine", "added": "2020-09-22T20:26:26.556Z", "speed": 55, "machine_category": null, "customer": 1, "department": 1, "area": 1, "contract": null, "engineers": [1]}}, {"model": "machine.machine", "pk": 107, "fields": {"name": "7865", "serial": 43466645, "serial2": "43t88t3r1", "machine_model": "78", "slug": "73143xxx4-231", "description": "this is color machine, 65 ppm, full function machine", "added": "2020-09-22T20:26:26.556Z", "speed": 55, "machine_category": null, "customer": 1, "department": 1, "area": 1, "contract": null, "engineers": [1]}}, {"model": "machine.machine", "pk": 108, "fields": {"name": "7865", "serial": 43443645, "serial2": "43t99t33r1", "machine_model": "78", "slug": "731343xxx4-321", "description": "this is color machine, 65 ppm, full function machine", "added": "2020-09-22T20:26:26.556Z", "speed": 55, "machine_category": null, "customer": 1, "department": 1, "area": 1, "contract": null, "engineers": [1]}}, {"model": "machine.machine", "pk": 109, "fields": {"name": "5835", "serial": 43489335, "serial2": "434111r31", "machine_model": "58", "slug": "751ydd34-231", "description": "this is mono machine, 35 ppm, full function machine", "added": "2020-09-22T20:26:26.556Z", "speed": 35, "machine_category": null, "customer": 1, "department": 1, "area": 1, "contract": null, "engineers": [1]}}, {"model": "machine.machine", "pk": 110, "fields": {"name": "5835", "serial": 43497745, "serial2": "43tt3131", "machine_model": "58", "slug": "751dfds3j4-231", "description": "this is mono machine, 35 ppm, full function machine", "added": "2020-09-22T20:26:26.556Z", "speed": 35, "machine_category": null, "customer": 1, "department": 1, "area": 1, "contract": null, "engineers": [1]}}, {"model": "machine.machine", "pk": 111, "fields": {"name": "5835", "serial": 43448745, "serial2": "43t2t131", "machine_model": "58", "slug": "75134df34-231", "description": "this is mono machine, 35 ppm, full function machine", "added": "2020-09-22T20:26:26.556Z", "speed": 35, "machine_category": null, "customer": 1, "department": 1, "area": 1, "contract": null, "engineers": [1]}}, {"model": "machine.machine", "pk": 112, "fields": {"name": "5835", "serial": 43449345, "serial2": "434tr1t31", "machine_model": "58", "slug": "7513434-d231", "description": "this is mono machine, 35 ppm, full function machine", "added": "2020-09-22T20:26:26.556Z", "speed": 35, "machine_category": null, "customer": 1, "department": 1, "area": 1, "contract": null, "engineers": [1]}}, {"model": "machine.machine", "pk": 113, "fields": {"name": "7835", "serial": 43443785, "serial2": "434ttr31", "machine_model": "78", "slug": "75dd13434-231", "description": "this is color machine, 35 ppm, full function machine", "added": "2020-09-22T20:26:26.556Z", "speed": 35, "machine_category": null, "customer": 1, "department": 1, "area": 1, "contract": null, "engineers": [1]}}, {"model": "machine.machine", "pk": 114, "fields": {"name": "7835", "serial": 13478745, "serial2": "4341t3zzz1", "machine_model": "78", "slug": "75dd13w434-231", "description": "this is color machine, 35 ppm, full function machine", "added": "2020-09-22T20:26:26.556Z", "speed": 35, "machine_category": null, "customer": 1, "department": 1, "area": 1, "contract": null, "engineers": [1]}}, {"model": "machine.machine", "pk": 115, "fields": {"name": "5955", "serial": 13487945, "serial2": "43443t1", "machine_model": "59", "slug": "151dd3uu434-231", "description": "this is mono machine, 55 ppm, full function machine", "added": "2020-09-22T20:26:26.556Z", "speed": 55, "machine_category": null, "customer": 1, "department": 1, "area": 1, "contract": null, "engineers": [1]}}, {"model": "machine.machine", "pk": 116, "fields": {"name": "5955", "serial": 13437845, "serial2": "43tt2131", "machine_model": "59", "slug": "15134sdsx34-231", "description": "this is mono machine, 55 ppm, full function machine", "added": "2020-09-22T20:26:26.556Z", "speed": 55, "machine_category": null, "customer": 1, "department": 1, "area": 1, "contract": null, "engineers": [1]}}, {"model": "machine.machine", "pk": 117, "fields": {"name": "5955", "serial": 13448945, "serial2": "43tt3r131", "machine_model": "59", "slug": "75xx13434-231", "description": "this is mono machine, 55 ppm, full function machine", "added": "2020-09-22T20:26:26.556Z", "speed": 55, "machine_category": null, "customer": 1, "department": 1, "area": 1, "contract": null, "engineers": [1]}}, {"model": "machine.machine", "pk": 118, "fields": {"name": "5865", "serial": 13436345, "serial2": "43tt1r31", "machine_model": "58", "slug": "1513ccv434-231", "description": "this is mono machine, 65 ppm, full function machine", "added": "2020-09-22T20:26:26.556Z", "speed": 65, "machine_category": null, "customer": 1, "department": 1, "area": 1, "contract": null, "engineers": [1]}}, {"model": "machine.machine", "pk": 119, "fields": {"name": "5865", "serial": 13446654, "serial2": "43tt4213r1", "machine_model": "58", "slug": "75143xxx4-321", "description": "this is mono machine, 65 ppm, full function machine", "added": "2020-09-22T20:26:26.556Z", "speed": 65, "machine_category": null, "customer": 1, "department": 1, "area": 1, "contract": null, "engineers": [1]}}, {"model": "machine.machine", "pk": 120, "fields": {"name": "5865", "serial": 13436654, "serial2": "434tt33r1", "machine_model": "58", "slug": "151343xxx4-231", "description": "this is mono machine, 65 ppm, full function machine", "added": "2020-09-22T20:26:26.556Z", "speed": 65, "machine_category": null, "customer": 1, "department": 1, "area": 1, "contract": null, "engineers": [1]}}, {"model": "machine.machine", "pk": 121, "fields": {"name": "7835", "serial": 43489354, "serial2": "434tt4r31", "machine_model": "78", "slug": "1731ydd34-231", "description": "this is color machine, 35 ppm, full function machine", "added": "2020-09-22T20:26:26.556Z", "speed": 55, "machine_category": null, "customer": 1, "department": 1, "area": 1, "contract": null, "engineers": [1]}}, {"model": "machine.machine", "pk": 122, "fields": {"name": "7835", "serial": 14349774, "serial2": "43423tt131", "machine_model": "78", "slug": "731dfds3j4-321", "description": "this is color machine, 35 ppm, full function machine", "added": "2020-09-22T20:26:26.556Z", "speed": 55, "machine_category": null, "customer": 1, "department": 1, "area": 1, "contract": null, "engineers": [1]}}, {"model": "machine.machine", "pk": 123, "fields": {"name": "7835", "serial": 11344874, "serial2": "434323131", "machine_model": "78", "slug": "73134df34-321", "description": "this is color machine, 35 ppm, full function machine", "added": "2020-09-22T20:26:26.556Z", "speed": 55, "machine_category": null, "customer": 1, "department": 1, "area": 1, "contract": null, "engineers": [1]}}, {"model": "machine.machine", "pk": 124, "fields": {"name": "7835", "serial": 13448934, "serial2": "434tr1131", "machine_model": "78", "slug": "7313434-d1321", "description": "this is color machine, 35 ppm, full function machine", "added": "2020-09-22T20:26:26.556Z", "speed": 55, "machine_category": null, "customer": 1, "department": 1, "area": 1, "contract": null, "engineers": [1]}}, {"model": "machine.machine", "pk": 125, "fields": {"name": "7835", "serial": 1344378, "serial2": "134rttr31", "machine_model": "78", "slug": "73dd13434-321", "description": "this is color machine, 35 ppm, full function machine", "added": "2020-09-22T20:26:26.556Z", "speed": 55, "machine_category": null, "customer": 1, "department": 1, "area": 1, "contract": null, "engineers": [1]}}, {"model": "machine.machine", "pk": 126, "fields": {"name": "7835", "serial": 4347875, "serial2": "4342t131", "machine_model": "78", "slug": "73dd13w434-321", "description": "this is color machine, 35 ppm, full function machine", "added": "2020-09-22T20:26:26.556Z", "speed": 55, "machine_category": null, "customer": 1, "department": 1, "area": 1, "contract": null, "engineers": [1]}}, {"model": "machine.machine", "pk": 127, "fields": {"name": "7855", "serial": 13448794, "serial2": "134t2431", "machine_model": "78", "slug": "131dd3uu434-321", "description": "this is color machine, 55 ppm, full function machine", "added": "2020-09-22T20:26:26.556Z", "speed": 55, "machine_category": null, "customer": 1, "department": 1, "area": 1, "contract": null, "engineers": [1]}}, {"model": "machine.machine", "pk": 128, "fields": {"name": "7855", "serial": 13448784, "serial2": "43t4232131", "machine_model": "78", "slug": "73134sdsx34-321", "description": "this is color machine, 55 ppm, full function machine", "added": "2020-09-22T20:26:26.556Z", "speed": 55, "machine_category": null, "customer": 1, "department": 1, "area": 1, "contract": null, "engineers": [1]}}, {"model": "machine.machine", "pk": 129, "fields": {"name": "7855", "serial": 11348894, "serial2": "132t3r131", "machine_model": "78", "slug": "13xx13434-231", "description": "this is color machine, 55 ppm, full function machine", "added": "2020-09-22T20:26:26.556Z", "speed": 55, "machine_category": null, "customer": 1, "department": 1, "area": 1, "contract": null, "engineers": [1]}}, {"model": "machine.machine", "pk": 130, "fields": {"name": "7865", "serial": 13487634, "serial2": "134t21r31", "machine_model": "78", "slug": "1313ccv434-231", "description": "this is color machine, 65 ppm, full function machine", "added": "2020-09-22T20:26:26.556Z", "speed": 55, "machine_category": null, "customer": 1, "department": 1, "area": 1, "contract": null, "engineers": [1]}}, {"model": "machine.machine", "pk": 131, "fields": {"name": "7865", "serial": 13446664, "serial2": "13413rt1", "machine_model": "78", "slug": "13143xxx4-241", "description": "this is color machine, 65 ppm, full function machine", "added": "2020-09-22T20:26:26.556Z", "speed": 55, "machine_category": null, "customer": 1, "department": 1, "area": 1, "contract": null, "engineers": [1]}}, {"model": "machine.machine", "pk": 132, "fields": {"name": "7865", "serial": 43443664, "serial2": "4344tttr1", "machine_model": "78", "slug": "731343xxx4-241", "description": "this is color machine, 65 ppm, full function machine", "added": "2020-09-22T20:26:26.556Z", "speed": 55, "machine_category": null, "customer": 1, "department": 1, "area": 1, "contract": null, "engineers": [1]}}, {"model": "machine.machine", "pk": 133, "fields": {"name": "6705", "serial": 99999, "serial2": "2231ndm", "machine_model": "67", "slug": "99999-2231ndm", "description": "wide format machine it is the next generation of 6204.", "added": "2020-09-29T20:37:54.040Z", "speed": 20, "machine_category": "wide format", "customer": 1, "department": 1, "area": 1, "contract": 1, "engineers": [1]}}, {"model": "machine.machine", "pk": 134, "fields": {"name": "3655", "serial": 888888, "serial2": "2321bvb", "machine_model": "36", "slug": "888888-2321bvbb", "description": "this is black and white phasor", "added": "2020-09-29T20:45:15.067Z", "speed": 55, "machine_category": "mono phasor", "customer": 1, "department": 1, "area": 1, "contract": 1, "engineers": [1]}}, {"model": "machine.machine", "pk": 136, "fields": {"name": "5855", "serial": 1111333, "serial2": "23231", "machine_model": "58", "slug": "1111333-23231", "description": "it is black and white machine", "added": "2020-10-03T13:34:23.888Z", "speed": 55, "machine_category": "mono workcentre", "customer": 5, "department": 3, "area": 1, "contract": 2, "engineers": [1]}}, {"model": "machine.machine", "pk": 137, "fields": {"name": "6204", "serial": 23232222, "serial2": "3243243-43", "machine_model": "62", "slug": "23232222-3243243-43", "description": "it is a wide-format", "added": "2020-10-03T17:34:44.743Z", "speed": 20, "machine_category": "wide format", "customer": 1, "department": 4, "area": 1, "contract": 2, "engineers": [1]}}, {"model": "machine.machine", "pk": 140, "fields": {"name": "5655", "serial": 88888888, "serial2": "987", "machine_model": "56", "slug": "88888888-987", "description": "it is mono workcenter", "added": "2020-10-03T18:15:42.916Z", "speed": 55, "machine_category": "mono workcentre", "customer": 7, "department": 6, "area": 1, "contract": 2, "engineers": [1]}}, {"model": "machine.call", "pk": 4, "fields": {"engineer": 1, "customer": 1, "machine": 1, "is_assigned": true, "status": "completed", "previous_status": "completed", "created_date": "2020-09-22T20:32:59.243Z", "updated_date": "2020-09-30T19:28:51.846Z", "response_time_end_date": null, "assigned_date": "2020-09-22T20:31:58Z", "optimum_completed_date": null, "completed_date": "2020-09-23T02:31:58Z"}}, {"model": "machine.call", "pk": 5, "fields": {"engineer": 1, "customer": 1, "machine": 4, "is_assigned": true, "status": "pending", "previous_status": null, "created_date": "2020-09-27T17:49:16.579Z", "updated_date": "2020-09-30T19:28:51.846Z", "response_time_end_date": null, "assigned_date": "2020-09-27T16:01:11Z", "optimum_completed_date": null, "completed_date": "2020-09-27T22:01:11Z"}}, {"model": "machine.call", "pk": 6, "fields": {"engineer": 1, "customer": 1, "machine": 4, "is_assigned": true, "status": "completed", "previous_status": "completed", "created_date": "2020-09-27T17:49:52.045Z", "updated_date": "2020-09-30T19:28:51.846Z", "response_time_end_date": null, "assigned_date": "2020-09-27T16:01:11Z", "optimum_completed_date": null, "completed_date": "2020-09-27T22:01:11Z"}}, {"model": "machine.call", "pk": 7, "fields": {"engineer": 2, "customer": 2, "machine": 2, "is_assigned": true, "status": "pending", "previous_status": "pending", "created_date": "2020-09-27T17:52:53.322Z", "updated_date": "2020-09-30T19:28:51.846Z", "response_time_end_date": null, "assigned_date": "2020-09-27T16:01:11Z", "optimum_completed_date": null, "completed_date": "2020-09-27T22:01:11Z"}}, {"model": "machine.call", "pk": 8, "fields": {"engineer": 1, "customer": 1, "machine": 128, "is_assigned": true, "status": "pending", "previous_status": null, "created_date": "2020-09-29T16:52:21.985Z", "updated_date": "2020-09-30T19:28:51.846Z", "response_time_end_date": null, "assigned_date": "2020-09-29T16:48:43Z", "optimum_completed_date": null, "completed_date": "2020-09-29T22:48:43Z"}}, {"model": "machine.call", "pk": 9, "fields": {"engineer": 1, "customer": 1, "machine": 128, "is_assigned": true, "status": "pending", "previous_status": null, "created_date": "2020-09-29T16:52:22.057Z", "updated_date": "2020-09-30T19:28:51.846Z", "response_time_end_date": null, "assigned_date": "2020-09-29T16:48:43Z", "optimum_completed_date": null, "completed_date": "2020-09-29T22:48:43Z"}}, {"model": "machine.call", "pk": 10, "fields": {"engineer": 1, "customer": 1, "machine": 128, "is_assigned": true, "status": "pending", "previous_status": null, "created_date": "2020-09-29T16:59:08.601Z", "updated_date": "2020-09-30T19:28:51.846Z", "response_time_end_date": null, "assigned_date": "2020-09-29T16:48:43Z", "optimum_completed_date": null, "completed_date": "2020-09-29T22:48:43Z"}}, {"model": "machine.call", "pk": 11, "fields": {"engineer": 1, "customer": 1, "machine": 128, "is_assigned": true, "status": "pending", "previous_status": null, "created_date": "2020-09-29T17:44:48.347Z", "updated_date": "2020-09-30T19:28:51.846Z", "response_time_end_date": null, "assigned_date": "2020-09-29T16:48:43Z", "optimum_completed_date": null, "completed_date": "2020-09-29T22:48:43Z"}}, {"model": "machine.call", "pk": 12, "fields": {"engineer": 1, "customer": 1, "machine": 128, "is_assigned": true, "status": "pending", "previous_status": null, "created_date": "2020-09-29T17:45:53.597Z", "updated_date": "2020-09-30T19:28:51.846Z", "response_time_end_date": null, "assigned_date": "2020-09-29T16:48:43Z", "optimum_completed_date": null, "completed_date": "2020-09-29T22:48:43Z"}}, {"model": "machine.call", "pk": 13, "fields": {"engineer": 1, "customer": 1, "machine": 117, "is_assigned": true, "status": "pending", "previous_status": null, "created_date": "2020-09-29T18:02:34.447Z", "updated_date": "2020-09-30T19:28:51.846Z", "response_time_end_date": null, "assigned_date": "2020-09-29T16:48:43Z", "optimum_completed_date": null, "completed_date": "2020-09-29T22:48:43Z"}}, {"model": "machine.call", "pk": 14, "fields": {"engineer": 1, "customer": 1, "machine": 117, "is_assigned": true, "status": "pending", "previous_status": null, "created_date": "2020-09-29T18:58:00.243Z", "updated_date": "2020-09-30T19:28:51.846Z", "response_time_end_date": null, "assigned_date": "2020-09-29T18:50:47Z", "optimum_completed_date": null, "completed_date": "2020-09-30T00:50:47Z"}}, {"model": "machine.call", "pk": 15, "fields": {"engineer": 1, "customer": 1, "machine": 14, "is_assigned": true, "status": "pending", "previous_status": "pending", "created_date": "2020-09-29T19:30:53.343Z", "updated_date": "2020-09-30T19:28:51.846Z", "response_time_end_date": null, "assigned_date": "2020-09-29T19:27:35Z", "optimum_completed_date": null, "completed_date": "2020-09-30T01:27:35Z"}}, {"model": "machine.call", "pk": 16, "fields": {"engineer": 1, "customer": 1, "machine": 16, "is_assigned": true, "status": "pending", "previous_status": "pending", "created_date": "2020-09-29T19:34:18.374Z", "updated_date": "2020-09-30T19:28:51.846Z", "response_time_end_date": null, "assigned_date": "2020-09-29T19:27:35Z", "optimum_completed_date": null, "completed_date": "2020-09-30T01:27:35Z"}}, {"model": "machine.call", "pk": 17, "fields": {"engineer": 1, "customer": 1, "machine": 7, "is_assigned": true, "status": "pending", "previous_status": "pending", "created_date": "2020-09-29T19:46:02.090Z", "updated_date": "2020-09-30T19:28:51.846Z", "response_time_end_date": null, "assigned_date": "2020-09-29T19:27:35Z", "optimum_completed_date": null, "completed_date": "2020-09-30T01:27:35Z"}}, {"model": "machine.call", "pk": 18, "fields": {"engineer": null, "customer": 1, "machine": 10, "is_assigned": false, "status": "unassigned", "previous_status": "unassigned", "created_date": "2020-09-29T19:49:50.469Z", "updated_date": "2020-09-30T19:28:51.846Z", "response_time_end_date": null, "assigned_date": "2020-09-29T19:27:35Z", "optimum_completed_date": null, "completed_date": "2020-09-30T01:27:35Z"}}, {"model": "machine.call", "pk": 19, "fields": {"engineer": null, "customer": 1, "machine": 10, "is_assigned": false, "status": "unassigned", "previous_status": "unassigned", "created_date": "2020-09-29T19:49:52.233Z", "updated_date": "2020-09-30T19:28:51.846Z", "response_time_end_date": null, "assigned_date": "2020-09-29T19:27:35Z", "optimum_completed_date": null, "completed_date": "2020-09-30T01:27:35Z"}}, {"model": "machine.call", "pk": 20, "fields": {"engineer": 1, "customer": 1, "machine": 15, "is_assigned": true, "status": "pending", "previous_status": "pending", "created_date": "2020-09-29T20:00:59.890Z", "updated_date": "2020-09-30T19:28:51.846Z", "response_time_end_date": null, "assigned_date": "2020-09-29T19:58:08Z", "optimum_completed_date": null, "completed_date": "2020-09-30T01:58:08Z"}}, {"model": "machine.call", "pk": 21, "fields": {"engineer": 1, "customer": 1, "machine": 19, "is_assigned": true, "status": "dispatched", "previous_status": "dispatched", "created_date": "2020-09-29T20:51:05.438Z", "updated_date": "2020-10-03T22:51:11.735Z", "response_time_end_date": null, "assigned_date": null, "optimum_completed_date": null, "completed_date": null}}, {"model": "machine.call", "pk": 22, "fields": {"engineer": 1, "customer": 1, "machine": 19, "is_assigned": true, "status": "completed", "previous_status": "completed", "created_date": "2020-09-29T21:24:24.829Z", "updated_date": "2020-09-30T19:28:51.846Z", "response_time_end_date": null, "assigned_date": null, "optimum_completed_date": null, "completed_date": null}}, {"model": "machine.call", "pk": 23, "fields": {"engineer": 1, "customer": 1, "machine": 5, "is_assigned": true, "status": "completed", "previous_status": "completed", "created_date": "2020-09-30T19:38:48.728Z", "updated_date": "2020-09-30T19:41:41.275Z", "response_time_end_date": null, "assigned_date": null, "optimum_completed_date": null, "completed_date": null}}, {"model": "machine.call", "pk": 24, "fields": {"engineer": 1, "customer": 1, "machine": 6, "is_assigned": true, "status": "pending", "previous_status": "pending", "created_date": "2020-09-30T19:42:47.864Z", "updated_date": "2020-09-30T19:42:50.149Z", "response_time_end_date": null, "assigned_date": null, "optimum_completed_date": null, "completed_date": null}}, {"model": "machine.call", "pk": 25, "fields": {"engineer": 1, "customer": 1, "machine": 14, "is_assigned": true, "status": "pending", "previous_status": "pending", "created_date": "2020-09-30T19:44:47.866Z", "updated_date": "2020-09-30T19:44:52.286Z", "response_time_end_date": null, "assigned_date": null, "optimum_completed_date": null, "completed_date": null}}, {"model": "machine.call", "pk": 26, "fields": {"engineer": 1, "customer": 1, "machine": 13, "is_assigned": true, "status": "pending", "previous_status": "pending", "created_date": "2020-09-30T19:46:29.801Z", "updated_date": "2020-10-03T22:41:58.358Z", "response_time_end_date": null, "assigned_date": null, "optimum_completed_date": null, "completed_date": null}}, {"model": "machine.call", "pk": 27, "fields": {"engineer": 1, "customer": 1, "machine": 17, "is_assigned": true, "status": "completed", "previous_status": "completed", "created_date": "2020-09-30T19:48:36.947Z", "updated_date": "2020-10-03T22:20:15.780Z", "response_time_end_date": null, "assigned_date": "2020-10-03T22:14:24Z", "optimum_completed_date": null, "completed_date": "2020-10-03T22:20:16.013Z"}}, {"model": "machine.call", "pk": 28, "fields": {"engineer": 1, "customer": 1, "machine": 5, "is_assigned": true, "status": "pending", "previous_status": "pending", "created_date": "2020-09-30T19:50:50.792Z", "updated_date": "2020-09-30T19:50:51.081Z", "response_time_end_date": null, "assigned_date": null, "optimum_completed_date": null, "completed_date": null}}, {"model": "machine.call", "pk": 29, "fields": {"engineer": 1, "customer": 1, "machine": 11, "is_assigned": true, "status": "pending", "previous_status": "pending", "created_date": "2020-10-03T18:25:07.335Z", "updated_date": "2020-10-03T20:29:17.974Z", "response_time_end_date": null, "assigned_date": "2020-10-03T18:25:07Z", "optimum_completed_date": null, "completed_date": null}}, {"model": "machine.call", "pk": 30, "fields": {"engineer": 1, "customer": 1, "machine": 137, "is_assigned": true, "status": "completed", "previous_status": "completed", "created_date": "2020-10-03T20:32:43.807Z", "updated_date": "2020-10-03T20:48:40.750Z", "response_time_end_date": null, "assigned_date": "2020-10-03T20:32:43Z", "optimum_completed_date": null, "completed_date": "2020-10-03T20:48:42.354Z"}}, {"model": "machine.report", "pk": 1, "fields": {"call": 19, "customer_name": "Bechtel", "engineer": 1, "notification_number": null, "machine_serial": null, "billing_meter_black": null, "billing_meter_color": null, "billing_meter_total": null, "status": "pending", "billing_meter1": null, "billing_meter2": null, "report_copy": "", "image": "", "summary": "", "notes_for_dispatcher": ""}}, {"model": "machine.report", "pk": 2, "fields": {"call": 6, "customer_name": "bechtel", "engineer": 1, "notification_number": null, "machine_serial": null, "billing_meter_black": null, "billing_meter_color": null, "billing_meter_total": null, "status": "completed", "billing_meter1": null, "billing_meter2": null, "report_copy": "", "image": "", "summary": "i found problems in drum", "notes_for_dispatcher": "please order 604k20443"}}, {"model": "machine.report", "pk": 3, "fields": {"call": 18, "customer_name": "Bechtel", "engineer": 1, "notification_number": null, "machine_serial": null, "billing_meter_black": null, "billing_meter_color": null, "billing_meter_total": null, "status": "pending", "billing_meter1": null, "billing_meter2": null, "report_copy": "", "image": "", "summary": "", "notes_for_dispatcher": ""}}, {"model": "machine.report", "pk": 4, "fields": {"call": 23, "customer_name": "bechtel", "engineer": 1, "notification_number": null, "machine_serial": null, "billing_meter_black": null, "billing_meter_color": null, "billing_meter_total": null, "status": "completed", "billing_meter1": null, "billing_meter2": null, "report_copy": "", "image": "", "summary": "", "notes_for_dispatcher": ""}}, {"model": "machine.report", "pk": 5, "fields": {"call": 26, "customer_name": "bechtel", "engineer": 1, "notification_number": null, "machine_serial": null, "billing_meter_black": null, "billing_meter_color": null, "billing_meter_total": null, "status": "pending", "billing_meter1": null, "billing_meter2": null, "report_copy": "", "image": "", "summary": "", "notes_for_dispatcher": ""}}, {"model": "machine.contract", "pk": 1, "fields": {"contract_type": "FM"}}, {"model": "machine.contract", "pk": 2, "fields": {"contract_type": "FSMA"}}, {"model": "machine.contract", "pk": 3, "fields": {"contract_type": "XPPS"}}, {"model": "machine.engineerreview", "pk": 3, "fields": {"engineer": 1, "machine": 1, "review_title": "broken pipe", "review_content": "i found that pipe make drum defected", "created_at": "2020-09-23T20:46:28.772Z", "published_at": null, "status": "pending", "file_data": "", "image": "avatar1_cbDqpeX.jpg"}}, {"model": "machine.engineerreview", "pk": 4, "fields": {"engineer": 1, "machine": 1, "review_title": "waste  toner bottle", "review_content": "it was damaged", "created_at": "2020-09-23T20:48:31.999Z", "published_at": null, "status": "published", "file_data": "", "image": "avatar6.jpg"}}, {"model": "machine.engineerreview", "pk": 5, "fields": {"engineer": 1, "machine": 1, "review_title": "white lines", "review_content": "i found dev tank problem", "created_at": "2020-09-23T20:51:19.377Z", "published_at": null, "status": "published", "file_data": "", "image": "white lines/EGD202025/white_lines_avatar8.jpg"}}, {"model": "machine.engineerreview", "pk": 6, "fields": {"engineer": 1, "machine": 1, "review_title": "missing line", "review_content": "lph problem", "created_at": "2020-09-23T20:53:40.310Z", "published_at": null, "status": "published", "file_data": "", "image": "EGD202025/missing line/missing_line_avatar8.jpg"}}, {"model": "machine.engineerreview", "pk": 7, "fields": {"engineer": 1, "machine": 1, "review_title": "waste  toner bottle", "review_content": "waste tomeeee", "created_at": "2020-09-23T20:55:29.511Z", "published_at": null, "status": "published", "file_data": "EGD202025/waste  toner bottle/waste__toner_bottle_Nano_degree_certificate.pdf", "image": "EGD202025/waste  toner bottle/waste__toner_bottle_avatar4.jpg"}}, {"model": "machine.engineerreview", "pk": 8, "fields": {"engineer": 2, "machine": 2, "review_title": "backgroud", "review_content": "i found  that drum is the cause of the problem", "created_at": "2020-09-26T23:02:27.408Z", "published_at": null, "status": "published", "file_data": "EGD202026/backgroud/backgroud_mostafa_mohamed.pdf", "image": "EGD202026/backgroud/backgroud_2.jpg"}}, {"model": "machine.imagereview", "pk": 1, "fields": {"image_name": "nvm_data", "image": "EGD202025/missing line/missing_line_avatar7.jpg", "image_description": "hbhbh", "created_at": "2020-09-23T21:12:38.003Z", "updated_at": "2020-09-23T21:12:38.003Z", "review": 6}}, {"model": "machine.imagereview", "pk": 2, "fields": {"image_name": "background photo", "image": "EGD202026/backgroud/backgroud_3.jpg", "image_description": "this demonestrate how cleaning of the drum is not good", "created_at": "2020-09-26T23:24:42.495Z", "updated_at": "2020-09-26T23:24:42.495Z", "review": 8}}, {"model": "machine.imagereview", "pk": 3, "fields": {"image_name": "background photo2", "image": "EGD202026/backgroud/backgroud_1.jpg", "image_description": "this is after we change the drum", "created_at": "2020-09-26T23:25:39.291Z", "updated_at": "2020-09-26T23:25:39.291Z", "review": 8}}, {"model": "machine.imagereview", "pk": 4, "fields": {"image_name": "background photo3", "image": "EGD202026/backgroud/backgroud_2_hyiIfeC.jpg", "image_description": "cleaning toner reduce the background", "created_at": "2020-09-26T23:26:24.907Z", "updated_at": "2020-09-26T23:26:24.907Z", "review": 8}}, {"model": "customer.department", "pk": 1, "fields": {"department_name": "HR section", "no_of_machine": 122, "customer": 1}}, {"model": "customer.department", "pk": 2, "fields": {"department_name": "Finance section", "no_of_machine": 10, "customer": 2}}, {"model": "customer.department", "pk": 3, "fields": {"department_name": "Service section", "no_of_machine": 1, "customer": 5}}, {"model": "customer.department", "pk": 4, "fields": {"department_name": "Production section", "no_of_machine": 1, "customer": 1}}, {"model": "customer.department", "pk": 6, "fields": {"department_name": "Sales section", "no_of_machine": 1, "customer": 7}}, {"model": "customer.customer", "pk": 1, "fields": {"name": "bechtel", "location": "edko port, edko city egypt", "address": "http://www.bechtel.com", "telephone": 5348877, "area": "TA1edkoalexandria, miami", "begin_at": "08:00:00", "finish_at": "16:00:00", "organization": 4, "engineers": [1]}}, {"model": "customer.customer", "pk": 2, "fields": {"name": "cib", "location": "miami gamal abd elnaser", "address": "http://www.cib.com", "telephone": 3342432, "area": "TA2alexandria miamialexandria roushdy", "begin_at": "08:00:00", "finish_at": "16:00:00", "organization": 2, "engineers": [2]}}, {"model": "customer.customer", "pk": 3, "fields": {"name": "etisalat", "location": "miami gamal abd elnaser", "address": "http://www.etisalat.com", "telephone": 334324354, "area": "TA1edkoalexandria, miami", "begin_at": "08:00:00", "finish_at": "16:00:00", "organization": 3, "engineers": [1]}}, {"model": "customer.customer", "pk": 4, "fields": {"name": "Als", "location": "elmandara, gamal abd elnaser", "address": "http://www.als.com", "telephone": 3343243, "area": "TA1edkoalexandria, miami", "begin_at": "08:00:00", "finish_at": "16:00:00", "organization": null, "engineers": [1]}}, {"model": "customer.customer", "pk": 5, "fields": {"name": "elkahraba sidibishr", "location": "sidi bishr", "address": "http://wwwelect.com", "telephone": 3343243, "area": "TA1edkoalexandria, miami", "begin_at": "08:00:00", "finish_at": "16:00:00", "organization": 5, "engineers": [1]}}, {"model": "customer.customer", "pk": 6, "fields": {"name": "kahraba abukier", "location": "sidi gaber train station", "address": "http://www.kahraba.com", "telephone": 53535, "area": "TA2alexandria miamialexandria roushdy", "begin_at": "08:00:00", "finish_at": "16:00:00", "organization": 5, "engineers": [2]}}, {"model": "customer.customer", "pk": 7, "fields": {"name": "kahraba elmandara", "location": "elmandara, gamal abd elnaser", "address": "http://www.kahraba.com", "telephone": 546464, "area": "TA1edkoalexandria, miami", "begin_at": "08:00:00", "finish_at": "16:00:00", "organization": 5, "engineers": []}}, {"model": "customer.customerorganization", "pk": 2, "fields": {"name": "CIB", "discription": "", "organization_machines_number": 10}}, {"model": "customer.customerorganization", "pk": 3, "fields": {"name": "etisalat", "discription": "", "organization_machines_number": 0}}, {"model": "customer.customerorganization", "pk": 4, "fields": {"name": "Bechtel", "discription": "", "organization_machines_number": 123}}, {"model": "customer.customerorganization", "pk": 5, "fields": {"name": "Electricity Organization", "discription": "", "organization_machines_number": 2}}, {"model": "engineer.area", "pk": 1, "fields": {"name": "TA1", "slug": "TA1edkoalexandria, miami", "start": "edko", "end": "alexandria, miami", "margin": "http://www.location.com"}}, {"model": "engineer.area", "pk": 2, "fields": {"name": "TA2", "slug": "TA2alexandria miamialexandria roushdy", "start": "alexandria miami", "end": "alexandria roushdy", "margin": "http://www.location.com"}}, {"model": "engineer.engineer", "pk": 1, "fields": {"name": "EGD202025", "user": 3, "area": 1, "joining_date": "2010-09-22", "no_of_calls": 24, "no_of_calls_pending": 17, "no_of_calls_dispatched": 1, "no_ofcalls_success": 6}}, {"model": "engineer.engineer", "pk": 2, "fields": {"name": "EGD202026", "user": 5, "area": 2, "joining_date": "2015-09-26", "no_of_calls": 1, "no_of_calls_pending": 1, "no_of_calls_dispatched": 0, "no_ofcalls_success": 0}}, {"model": "admin.logentry", "pk": 1, "fields": {"action_time": "2020-09-22T20:21:02.175Z", "user": 1, "content_type": 23, "object_id": "1", "object_repr": "TA1", "action_flag": 1, "change_message": "[{\"added\": {}}]"}}, {"model": "admin.logentry", "pk": 2, "fields": {"action_time": "2020-09-22T20:21:23.735Z", "user": 1, "content_type": 13, "object_id": "3", "object_repr": "wael", "action_flag": 1, "change_message": "[{\"added\": {}}]"}}, {"model": "admin.logentry", "pk": 3, "fields": {"action_time": "2020-09-22T20:22:13.160Z", "user": 1, "content_type": 24, "object_id": "1", "object_repr": "EGD202025", "action_flag": 1, "change_message": "[{\"added\": {}}]"}}, {"model": "admin.logentry", "pk": 4, "fields": {"action_time": "2020-09-22T20:23:24.424Z", "user": 1, "content_type": 21, "object_id": "1", "object_repr": "bechtel", "action_flag": 1, "change_message": "[{\"added\": {}}]"}}, {"model": "admin.logentry", "pk": 5, "fields": {"action_time": "2020-09-22T20:25:30.650Z", "user": 1, "content_type": 15, "object_id": "1", "object_repr": "color machine", "action_flag": 1, "change_message": "[{\"added\": {}}]"}}, {"model": "admin.logentry", "pk": 6, "fields": {"action_time": "2020-09-22T20:26:00.952Z", "user": 1, "content_type": 22, "object_id": "1", "object_repr": "HR section  bechtel", "action_flag": 1, "change_message": "[{\"added\": {}}]"}}, {"model": "admin.logentry", "pk": 7, "fields": {"action_time": "2020-09-22T20:26:26.944Z", "user": 1, "content_type": 16, "object_id": "1", "object_repr": "78(color machine)  bechtel  HR section", "action_flag": 1, "change_message": "[{\"added\": {}}]"}}, {"model": "admin.logentry", "pk": 8, "fields": {"action_time": "2020-09-22T20:32:59.717Z", "user": 1, "content_type": 14, "object_id": "4", "object_repr": "EGD202025 bechtel 78454", "action_flag": 1, "change_message": "[{\"added\": {}}]"}}, {"model": "admin.logentry", "pk": 9, "fields": {"action_time": "2020-09-22T20:34:23.181Z", "user": 1, "content_type": 14, "object_id": "4", "object_repr": "EGD202025 bechtel 78454", "action_flag": 2, "change_message": "[]"}}, {"model": "admin.logentry", "pk": 10, "fields": {"action_time": "2020-09-22T20:35:35.758Z", "user": 1, "content_type": 14, "object_id": "4", "object_repr": "EGD202025 bechtel 78454", "action_flag": 2, "change_message": "[{\"changed\": {\"fields\": [\"status\"]}}]"}}, {"model": "admin.logentry", "pk": 11, "fields": {"action_time": "2020-09-22T20:38:37.931Z", "user": 1, "content_type": 14, "object_id": "4", "object_repr": "EGD202025 bechtel 78454", "action_flag": 2, "change_message": "[{\"changed\": {\"fields\": [\"previous_state\"]}}]"}}, {"model": "admin.logentry", "pk": 12, "fields": {"action_time": "2020-09-22T20:39:31.261Z", "user": 1, "content_type": 14, "object_id": "4", "object_repr": "EGD202025 bechtel 78454", "action_flag": 2, "change_message": "[{\"changed\": {\"fields\": [\"status\"]}}]"}}, {"model": "admin.logentry", "pk": 13, "fields": {"action_time": "2020-09-22T20:43:21.502Z", "user": 1, "content_type": 14, "object_id": "4", "object_repr": "EGD202025 bechtel 78454", "action_flag": 2, "change_message": "[{\"changed\": {\"fields\": [\"previous_state\"]}}]"}}, {"model": "admin.logentry", "pk": 14, "fields": {"action_time": "2020-09-22T20:44:02.759Z", "user": 1, "content_type": 14, "object_id": "4", "object_repr": "EGD202025 bechtel 78454", "action_flag": 2, "change_message": "[{\"changed\": {\"fields\": [\"status\"]}}]"}}, {"model": "admin.logentry", "pk": 46, "fields": {"action_time": "2020-09-23T20:46:28.919Z", "user": 1, "content_type": 18, "object_id": "3", "object_repr": "EGD202025 - broken pipe", "action_flag": 1, "change_message": "[{\"added\": {}}]"}}, {"model": "admin.logentry", "pk": 47, "fields": {"action_time": "2020-09-23T20:47:39.194Z", "user": 1, "content_type": 18, "object_id": "3", "object_repr": "EGD202025 - broken pipe", "action_flag": 2, "change_message": "[]"}}, {"model": "admin.logentry", "pk": 48, "fields": {"action_time": "2020-09-23T20:48:32.090Z", "user": 1, "content_type": 18, "object_id": "4", "object_repr": "EGD202025 - waste  toner bottle", "action_flag": 1, "change_message": "[{\"added\": {}}]"}}, {"model": "admin.logentry", "pk": 49, "fields": {"action_time": "2020-09-23T20:50:04.397Z", "user": 1, "content_type": 18, "object_id": "4", "object_repr": "EGD202025 - waste  toner bottle", "action_flag": 2, "change_message": "[]"}}, {"model": "admin.logentry", "pk": 50, "fields": {"action_time": "2020-09-23T20:51:19.484Z", "user": 1, "content_type": 18, "object_id": "5", "object_repr": "EGD202025 - white lines", "action_flag": 1, "change_message": "[{\"added\": {}}]"}}, {"model": "admin.logentry", "pk": 51, "fields": {"action_time": "2020-09-23T20:52:50.776Z", "user": 1, "content_type": 18, "object_id": "5", "object_repr": "EGD202025 - white lines", "action_flag": 2, "change_message": "[]"}}, {"model": "admin.logentry", "pk": 52, "fields": {"action_time": "2020-09-23T20:53:40.436Z", "user": 1, "content_type": 18, "object_id": "6", "object_repr": "EGD202025 - missing line", "action_flag": 1, "change_message": "[{\"added\": {}}]"}}, {"model": "admin.logentry", "pk": 53, "fields": {"action_time": "2020-09-23T20:55:29.590Z", "user": 1, "content_type": 18, "object_id": "7", "object_repr": "EGD202025 - waste  toner bottle", "action_flag": 1, "change_message": "[{\"added\": {}}]"}}, {"model": "admin.logentry", "pk": 54, "fields": {"action_time": "2020-09-23T21:03:50.069Z", "user": 1, "content_type": 18, "object_id": "7", "object_repr": "EGD202025 - waste  toner bottle", "action_flag": 2, "change_message": "[{\"changed\": {\"fields\": [\"file_data\"]}}]"}}, {"model": "admin.logentry", "pk": 55, "fields": {"action_time": "2020-09-23T21:12:38.296Z", "user": 1, "content_type": 25, "object_id": "1", "object_repr": "nvm_data 7845 missing line", "action_flag": 1, "change_message": "[{\"added\": {}}]"}}, {"model": "admin.logentry", "pk": 56, "fields": {"action_time": "2020-09-24T16:11:31.742Z", "user": 1, "content_type": 13, "object_id": "4", "object_repr": "mymy", "action_flag": 2, "change_message": "[{\"changed\": {\"fields\": [\"password\"]}}]"}}, {"model": "admin.logentry", "pk": 57, "fields": {"action_time": "2020-09-25T22:32:13.983Z", "user": 1, "content_type": 13, "object_id": "5", "object_repr": "ahmed", "action_flag": 1, "change_message": "[{\"added\": {}}]"}}, {"model": "admin.logentry", "pk": 58, "fields": {"action_time": "2020-09-25T22:32:51.094Z", "user": 1, "content_type": 23, "object_id": "2", "object_repr": "TA2", "action_flag": 1, "change_message": "[{\"added\": {}}]"}}, {"model": "admin.logentry", "pk": 59, "fields": {"action_time": "2020-09-25T22:33:23.432Z", "user": 1, "content_type": 24, "object_id": "2", "object_repr": "EGD2026", "action_flag": 1, "change_message": "[{\"added\": {}}]"}}, {"model": "admin.logentry", "pk": 60, "fields": {"action_time": "2020-09-25T22:33:43.959Z", "user": 1, "content_type": 24, "object_id": "2", "object_repr": "EGD202026", "action_flag": 2, "change_message": "[{\"changed\": {\"fields\": [\"name\"]}}]"}}, {"model": "admin.logentry", "pk": 61, "fields": {"action_time": "2020-09-25T22:35:10.978Z", "user": 1, "content_type": 15, "object_id": "2", "object_repr": "black-white machine", "action_flag": 1, "change_message": "[{\"added\": {}}]"}}, {"model": "admin.logentry", "pk": 62, "fields": {"action_time": "2020-09-25T22:36:02.343Z", "user": 1, "content_type": 21, "object_id": "2", "object_repr": "cib", "action_flag": 1, "change_message": "[{\"added\": {}}]"}}, {"model": "admin.logentry", "pk": 63, "fields": {"action_time": "2020-09-25T22:36:25.284Z", "user": 1, "content_type": 22, "object_id": "2", "object_repr": "Finance section  cib", "action_flag": 1, "change_message": "[{\"added\": {}}]"}}, {"model": "admin.logentry", "pk": 64, "fields": {"action_time": "2020-09-25T22:36:59.775Z", "user": 1, "content_type": 19, "object_id": "1", "object_repr": "Contract object (1)", "action_flag": 1, "change_message": "[{\"added\": {}}]"}}, {"model": "admin.logentry", "pk": 65, "fields": {"action_time": "2020-09-25T22:37:07.765Z", "user": 1, "content_type": 16, "object_id": "2", "object_repr": "59(black-white machine)  cib  Finance section", "action_flag": 1, "change_message": "[{\"added\": {}}]"}}, {"model": "admin.logentry", "pk": 66, "fields": {"action_time": "2020-09-26T23:02:27.905Z", "user": 1, "content_type": 18, "object_id": "8", "object_repr": "EGD202026 - backgroud", "action_flag": 1, "change_message": "[{\"added\": {}}]"}}, {"model": "admin.logentry", "pk": 67, "fields": {"action_time": "2020-09-26T23:24:43.101Z", "user": 1, "content_type": 25, "object_id": "2", "object_repr": "background photo 5955 backgroud", "action_flag": 1, "change_message": "[{\"added\": {}}]"}}, {"model": "admin.logentry", "pk": 68, "fields": {"action_time": "2020-09-26T23:25:39.500Z", "user": 1, "content_type": 25, "object_id": "3", "object_repr": "background photo2 5955 backgroud", "action_flag": 1, "change_message": "[{\"added\": {}}]"}}, {"model": "admin.logentry", "pk": 69, "fields": {"action_time": "2020-09-26T23:26:25.120Z", "user": 1, "content_type": 25, "object_id": "4", "object_repr": "background photo3 5955 backgroud", "action_flag": 1, "change_message": "[{\"added\": {}}]"}}, {"model": "admin.logentry", "pk": 70, "fields": {"action_time": "2020-09-27T11:57:02.913Z", "user": 1, "content_type": 16, "object_id": "3", "object_repr": "58(black-white machine)  bechtel  HR section", "action_flag": 1, "change_message": "[{\"added\": {}}]"}}, {"model": "admin.logentry", "pk": 71, "fields": {"action_time": "2020-09-27T11:58:01.273Z", "user": 1, "content_type": 16, "object_id": "4", "object_repr": "67(black-white machine)  bechtel  HR section", "action_flag": 1, "change_message": "[{\"added\": {}}]"}}, {"model": "admin.logentry", "pk": 72, "fields": {"action_time": "2020-09-27T12:01:17.068Z", "user": 1, "content_type": 16, "object_id": "5", "object_repr": "78(color machine)  bechtel  HR section", "action_flag": 1, "change_message": "[{\"added\": {}}]"}}, {"model": "admin.logentry", "pk": 73, "fields": {"action_time": "2020-09-27T17:54:37.826Z", "user": 1, "content_type": 24, "object_id": "1", "object_repr": "EGD202025", "action_flag": 2, "change_message": "[{\"changed\": {\"fields\": [\"no_of_calls_pending\", \"no_ofcalls_success\"]}}]"}}, {"model": "admin.logentry", "pk": 74, "fields": {"action_time": "2020-09-29T00:05:41.846Z", "user": 1, "content_type": 16, "object_id": "44", "object_repr": "58(color machine)  cib  Finance section", "action_flag": 2, "change_message": "[{\"changed\": {\"fields\": [\"customer\", \"department\"]}}]"}}, {"model": "admin.logentry", "pk": 75, "fields": {"action_time": "2020-09-29T00:05:50.182Z", "user": 1, "content_type": 16, "object_id": "44", "object_repr": "58(color machine)  cib  Finance section", "action_flag": 2, "change_message": "[]"}}, {"model": "admin.logentry", "pk": 76, "fields": {"action_time": "2020-09-29T00:06:27.294Z", "user": 1, "content_type": 16, "object_id": "45", "object_repr": "58(color machine)  cib  Finance section", "action_flag": 2, "change_message": "[{\"changed\": {\"fields\": [\"customer\", \"department\"]}}]"}}, {"model": "admin.logentry", "pk": 77, "fields": {"action_time": "2020-09-29T00:07:11.506Z", "user": 1, "content_type": 16, "object_id": "43", "object_repr": "58(color machine)  cib  Finance section", "action_flag": 2, "change_message": "[{\"changed\": {\"fields\": [\"customer\", \"department\"]}}]"}}, {"model": "admin.logentry", "pk": 78, "fields": {"action_time": "2020-09-29T00:07:17.619Z", "user": 1, "content_type": 16, "object_id": "43", "object_repr": "58(color machine)  cib  Finance section", "action_flag": 2, "change_message": "[{\"changed\": {\"fields\": [\"area\"]}}]"}}, {"model": "admin.logentry", "pk": 79, "fields": {"action_time": "2020-09-29T00:07:50.669Z", "user": 1, "content_type": 16, "object_id": "44", "object_repr": "58(color machine)  cib  Finance section", "action_flag": 2, "change_message": "[{\"changed\": {\"fields\": [\"area\"]}}]"}}, {"model": "admin.logentry", "pk": 80, "fields": {"action_time": "2020-09-29T00:08:28.418Z", "user": 1, "content_type": 16, "object_id": "45", "object_repr": "58(color machine)  cib  Finance section", "action_flag": 2, "change_message": "[{\"changed\": {\"fields\": [\"area\"]}}]"}}, {"model": "admin.logentry", "pk": 81, "fields": {"action_time": "2020-09-29T00:08:58.783Z", "user": 1, "content_type": 16, "object_id": "42", "object_repr": "59(color machine)  cib  Finance section", "action_flag": 2, "change_message": "[{\"changed\": {\"fields\": [\"customer\", \"department\", \"area\"]}}]"}}, {"model": "admin.logentry", "pk": 82, "fields": {"action_time": "2020-09-29T00:09:38.515Z", "user": 1, "content_type": 16, "object_id": "41", "object_repr": "59(color machine)  cib  Finance section", "action_flag": 2, "change_message": "[{\"changed\": {\"fields\": [\"customer\", \"department\", \"area\", \"contract\"]}}]"}}, {"model": "admin.logentry", "pk": 83, "fields": {"action_time": "2020-09-29T00:10:15.261Z", "user": 1, "content_type": 16, "object_id": "40", "object_repr": "59(color machine)  cib  Finance section", "action_flag": 2, "change_message": "[{\"changed\": {\"fields\": [\"machine_category\", \"customer\", \"department\", \"area\"]}}]"}}, {"model": "admin.logentry", "pk": 84, "fields": {"action_time": "2020-09-29T00:10:23.970Z", "user": 1, "content_type": 16, "object_id": "40", "object_repr": "59(color machine)  cib  Finance section", "action_flag": 2, "change_message": "[{\"changed\": {\"fields\": [\"contract\"]}}]"}}, {"model": "admin.logentry", "pk": 85, "fields": {"action_time": "2020-09-29T00:10:59.245Z", "user": 1, "content_type": 16, "object_id": "39", "object_repr": "78(color machine)  cib  Finance section", "action_flag": 2, "change_message": "[{\"changed\": {\"fields\": [\"machine_category\", \"customer\", \"department\", \"area\", \"contract\"]}}]"}}, {"model": "admin.logentry", "pk": 86, "fields": {"action_time": "2020-09-29T00:11:35.537Z", "user": 1, "content_type": 16, "object_id": "38", "object_repr": "78(color machine)  cib  Finance section", "action_flag": 2, "change_message": "[{\"changed\": {\"fields\": [\"machine_category\", \"customer\", \"department\", \"area\"]}}]"}}, {"model": "admin.logentry", "pk": 87, "fields": {"action_time": "2020-09-29T00:11:55.568Z", "user": 1, "content_type": 19, "object_id": "2", "object_repr": "FSMA", "action_flag": 1, "change_message": "[{\"added\": {}}]"}}, {"model": "admin.logentry", "pk": 88, "fields": {"action_time": "2020-09-29T00:12:06.763Z", "user": 1, "content_type": 16, "object_id": "38", "object_repr": "78(color machine)  cib  Finance section", "action_flag": 2, "change_message": "[{\"changed\": {\"fields\": [\"contract\"]}}]"}}, {"model": "admin.logentry", "pk": 89, "fields": {"action_time": "2020-09-29T00:12:50.033Z", "user": 1, "content_type": 16, "object_id": "37", "object_repr": "58(black-white machine)  cib  Finance section", "action_flag": 2, "change_message": "[{\"changed\": {\"fields\": [\"category\", \"machine_category\", \"customer\", \"department\", \"area\", \"contract\"]}}]"}}, {"model": "admin.logentry", "pk": 90, "fields": {"action_time": "2020-09-29T00:13:21.449Z", "user": 1, "content_type": 16, "object_id": "44", "object_repr": "58(black-white machine)  cib  Finance section", "action_flag": 2, "change_message": "[{\"changed\": {\"fields\": [\"category\", \"machine_category\", \"contract\"]}}]"}}, {"model": "admin.logentry", "pk": 91, "fields": {"action_time": "2020-09-29T00:13:49.701Z", "user": 1, "content_type": 16, "object_id": "45", "object_repr": "58(black-white machine)  cib  Finance section", "action_flag": 2, "change_message": "[{\"changed\": {\"fields\": [\"category\", \"machine_category\", \"contract\"]}}]"}}, {"model": "admin.logentry", "pk": 92, "fields": {"action_time": "2020-09-29T00:14:28.896Z", "user": 1, "content_type": 16, "object_id": "46", "object_repr": "58(black-white machine)  bechtel  HR section", "action_flag": 2, "change_message": "[{\"changed\": {\"fields\": [\"category\", \"machine_category\", \"contract\"]}}]"}}, {"model": "admin.logentry", "pk": 93, "fields": {"action_time": "2020-09-29T00:15:03.894Z", "user": 1, "content_type": 16, "object_id": "47", "object_repr": "58(black-white machine)  bechtel  HR section", "action_flag": 2, "change_message": "[{\"changed\": {\"fields\": [\"category\", \"machine_category\", \"contract\"]}}]"}}, {"model": "admin.logentry", "pk": 94, "fields": {"action_time": "2020-09-29T00:15:48.566Z", "user": 1, "content_type": 16, "object_id": "48", "object_repr": "58(black-white machine)  bechtel  HR section", "action_flag": 2, "change_message": "[{\"changed\": {\"fields\": [\"category\", \"machine_category\", \"contract\"]}}]"}}, {"model": "admin.logentry", "pk": 95, "fields": {"action_time": "2020-09-29T00:16:14.429Z", "user": 1, "content_type": 16, "object_id": "49", "object_repr": "58(black-white machine)  bechtel  HR section", "action_flag": 2, "change_message": "[{\"changed\": {\"fields\": [\"category\", \"machine_category\", \"contract\"]}}]"}}, {"model": "admin.logentry", "pk": 96, "fields": {"action_time": "2020-09-29T00:16:39.715Z", "user": 1, "content_type": 16, "object_id": "50", "object_repr": "78(color machine)  bechtel  HR section", "action_flag": 2, "change_message": "[{\"changed\": {\"fields\": [\"machine_category\", \"contract\"]}}]"}}, {"model": "admin.logentry", "pk": 97, "fields": {"action_time": "2020-09-29T19:40:30.734Z", "user": 1, "content_type": 24, "object_id": "1", "object_repr": "EGD202025", "action_flag": 2, "change_message": "[{\"changed\": {\"fields\": [\"no_of_calls_pending\", \"no_ofcalls_success\"]}}]"}}, {"model": "admin.logentry", "pk": 98, "fields": {"action_time": "2020-09-29T20:01:00.383Z", "user": 1, "content_type": 14, "object_id": "20", "object_repr": "EGD202025 bechtel 7835 20", "action_flag": 1, "change_message": "[{\"added\": {}}]"}}, {"model": "admin.logentry", "pk": 99, "fields": {"action_time": "2020-09-29T20:37:55.066Z", "user": 1, "content_type": 16, "object_id": "133", "object_repr": "67(None)  bechtel  HR section", "action_flag": 1, "change_message": "[{\"added\": {}}]"}}, {"model": "admin.logentry", "pk": 100, "fields": {"action_time": "2020-09-29T20:38:49.402Z", "user": 1, "content_type": 16, "object_id": "133", "object_repr": "67(None)  bechtel  HR section", "action_flag": 2, "change_message": "[{\"changed\": {\"fields\": [\"description\"]}}]"}}, {"model": "admin.logentry", "pk": 101, "fields": {"action_time": "2020-09-29T20:43:42.894Z", "user": 1, "content_type": 16, "object_id": "133", "object_repr": "67(None)  bechtel  HR section", "action_flag": 2, "change_message": "[{\"changed\": {\"fields\": [\"description\"]}}]"}}, {"model": "admin.logentry", "pk": 102, "fields": {"action_time": "2020-09-29T20:45:15.674Z", "user": 1, "content_type": 16, "object_id": "134", "object_repr": "36(None)  bechtel  HR section", "action_flag": 1, "change_message": "[{\"added\": {}}]"}}, {"model": "admin.logentry", "pk": 103, "fields": {"action_time": "2020-09-29T20:47:36.516Z", "user": 1, "content_type": 16, "object_id": "134", "object_repr": "36(None)  bechtel  HR section", "action_flag": 2, "change_message": "[{\"changed\": {\"fields\": [\"slug\"]}}]"}}, {"model": "admin.logentry", "pk": 104, "fields": {"action_time": "2020-09-29T20:51:07.305Z", "user": 1, "content_type": 14, "object_id": "21", "object_repr": "7865 bechtel 21  no engineer assigned yet", "action_flag": 1, "change_message": "[{\"added\": {}}]"}}, {"model": "admin.logentry", "pk": 105, "fields": {"action_time": "2020-09-29T21:24:26.560Z", "user": 1, "content_type": 14, "object_id": "22", "object_repr": "7865 bechtel 22  no engineer assigned yet", "action_flag": 1, "change_message": "[{\"added\": {}}]"}}, {"model": "admin.logentry", "pk": 106, "fields": {"action_time": "2020-09-29T21:38:57.318Z", "user": 1, "content_type": 14, "object_id": "22", "object_repr": "EGD202025 bechtel 7865 22", "action_flag": 2, "change_message": "[{\"changed\": {\"fields\": [\"engineer\"]}}]"}}, {"model": "admin.logentry", "pk": 107, "fields": {"action_time": "2020-09-29T21:42:35.615Z", "user": 1, "content_type": 14, "object_id": "22", "object_repr": "EGD202025 bechtel 7865 22", "action_flag": 2, "change_message": "[]"}}, {"model": "admin.logentry", "pk": 108, "fields": {"action_time": "2020-09-29T21:42:38.576Z", "user": 1, "content_type": 14, "object_id": "22", "object_repr": "EGD202025 bechtel 7865 22", "action_flag": 2, "change_message": "[]"}}, {"model": "admin.logentry", "pk": 109, "fields": {"action_time": "2020-09-29T21:56:12.599Z", "user": 1, "content_type": 14, "object_id": "22", "object_repr": "EGD202025 bechtel 7865 22", "action_flag": 2, "change_message": "[]"}}, {"model": "admin.logentry", "pk": 110, "fields": {"action_time": "2020-09-29T21:59:38.441Z", "user": 1, "content_type": 14, "object_id": "22", "object_repr": "EGD202025 bechtel 7865 22", "action_flag": 2, "change_message": "[{\"changed\": {\"fields\": [\"status\"]}}]"}}, {"model": "admin.logentry", "pk": 111, "fields": {"action_time": "2020-09-29T22:26:57.701Z", "user": 1, "content_type": 21, "object_id": "1", "object_repr": "bechtel", "action_flag": 2, "change_message": "[{\"changed\": {\"fields\": [\"slug\"]}}]"}}, {"model": "admin.logentry", "pk": 112, "fields": {"action_time": "2020-09-29T22:27:13.256Z", "user": 1, "content_type": 21, "object_id": "1", "object_repr": "bechtel", "action_flag": 2, "change_message": "[{\"changed\": {\"fields\": [\"slug\"]}}]"}}, {"model": "admin.logentry", "pk": 113, "fields": {"action_time": "2020-09-29T22:56:04.657Z", "user": 1, "content_type": 21, "object_id": "1", "object_repr": "bechtel", "action_flag": 2, "change_message": "[{\"changed\": {\"fields\": [\"slug\"]}}]"}}, {"model": "admin.logentry", "pk": 114, "fields": {"action_time": "2020-09-29T23:17:19.421Z", "user": 1, "content_type": 14, "object_id": "19", "object_repr": "7835 bechtel 19  no engineer assigned yet", "action_flag": 2, "change_message": "[]"}}, {"model": "admin.logentry", "pk": 115, "fields": {"action_time": "2020-09-30T07:18:14.980Z", "user": 1, "content_type": 16, "object_id": "59", "object_repr": "58(color machine)  bechtel  HR section", "action_flag": 2, "change_message": "[{\"changed\": {\"fields\": [\"machine_category\"]}}]"}}, {"model": "admin.logentry", "pk": 116, "fields": {"action_time": "2020-09-30T07:18:21.506Z", "user": 1, "content_type": 16, "object_id": "59", "object_repr": "58(color machine)  bechtel  HR section", "action_flag": 2, "change_message": "[{\"changed\": {\"fields\": [\"contract\"]}}]"}}, {"model": "admin.logentry", "pk": 117, "fields": {"action_time": "2020-09-30T07:19:22.316Z", "user": 1, "content_type": 16, "object_id": "59", "object_repr": "58(color machine)  bechtel  HR section", "action_flag": 2, "change_message": "[{\"changed\": {\"fields\": [\"contract\"]}}]"}}, {"model": "admin.logentry", "pk": 118, "fields": {"action_time": "2020-09-30T07:20:18.295Z", "user": 1, "content_type": 19, "object_id": "3", "object_repr": "XPPS", "action_flag": 1, "change_message": "[{\"added\": {}}]"}}, {"model": "admin.logentry", "pk": 119, "fields": {"action_time": "2020-09-30T07:20:33.906Z", "user": 1, "content_type": 16, "object_id": "59", "object_repr": "58(color machine)  bechtel  HR section", "action_flag": 2, "change_message": "[{\"changed\": {\"fields\": [\"contract\"]}}]"}}, {"model": "admin.logentry", "pk": 120, "fields": {"action_time": "2020-09-30T07:21:03.490Z", "user": 1, "content_type": 16, "object_id": "59", "object_repr": "58(color machine)  bechtel  HR section", "action_flag": 2, "change_message": "[{\"changed\": {\"fields\": [\"name\"]}}]"}}, {"model": "admin.logentry", "pk": 121, "fields": {"action_time": "2020-09-30T07:29:09.125Z", "user": 1, "content_type": 13, "object_id": "3", "object_repr": "wael", "action_flag": 2, "change_message": "[{\"changed\": {\"fields\": [\"user_permissions\"]}}]"}}, {"model": "admin.logentry", "pk": 122, "fields": {"action_time": "2020-09-30T07:50:54.955Z", "user": 1, "content_type": 14, "object_id": "21", "object_repr": "EGD202025 bechtel 7865 21", "action_flag": 2, "change_message": "[{\"changed\": {\"fields\": [\"engineer\"]}}]"}}, {"model": "admin.logentry", "pk": 123, "fields": {"action_time": "2020-09-30T07:57:13.568Z", "user": 1, "content_type": 14, "object_id": "21", "object_repr": "EGD202025 bechtel 7865 21", "action_flag": 2, "change_message": "[{\"changed\": {\"fields\": [\"is_assigned\", \"status\"]}}]"}}, {"model": "admin.logentry", "pk": 156, "fields": {"action_time": "2020-10-03T12:46:41.595Z", "user": 1, "content_type": 30, "object_id": "1", "object_repr": "CIB", "action_flag": 1, "change_message": "[{\"added\": {}}]"}}, {"model": "admin.logentry", "pk": 157, "fields": {"action_time": "2020-10-03T12:49:37.270Z", "user": 1, "content_type": 30, "object_id": "1", "object_repr": "CIB", "action_flag": 3, "change_message": ""}}, {"model": "admin.logentry", "pk": 158, "fields": {"action_time": "2020-10-03T13:18:59.471Z", "user": 1, "content_type": 30, "object_id": "2", "object_repr": "CIB", "action_flag": 1, "change_message": "[{\"added\": {}}]"}}, {"model": "admin.logentry", "pk": 159, "fields": {"action_time": "2020-10-03T13:19:28.226Z", "user": 1, "content_type": 21, "object_id": "2", "object_repr": "cib", "action_flag": 2, "change_message": "[{\"changed\": {\"fields\": [\"organization\"]}}]"}}, {"model": "admin.logentry", "pk": 160, "fields": {"action_time": "2020-10-03T13:20:08.329Z", "user": 1, "content_type": 30, "object_id": "3", "object_repr": "etisalat", "action_flag": 1, "change_message": "[{\"added\": {}}]"}}, {"model": "admin.logentry", "pk": 161, "fields": {"action_time": "2020-10-03T13:20:37.829Z", "user": 1, "content_type": 30, "object_id": "4", "object_repr": "bechtel", "action_flag": 1, "change_message": "[{\"added\": {}}]"}}, {"model": "admin.logentry", "pk": 162, "fields": {"action_time": "2020-10-03T13:21:07.954Z", "user": 1, "content_type": 21, "object_id": "1", "object_repr": "bechtel", "action_flag": 2, "change_message": "[{\"changed\": {\"fields\": [\"organization\"]}}]"}}, {"model": "admin.logentry", "pk": 163, "fields": {"action_time": "2020-10-03T13:21:31.850Z", "user": 1, "content_type": 21, "object_id": "3", "object_repr": "etisalat", "action_flag": 2, "change_message": "[{\"changed\": {\"fields\": [\"organization\"]}}]"}}, {"model": "admin.logentry", "pk": 164, "fields": {"action_time": "2020-10-03T13:29:59.323Z", "user": 1, "content_type": 30, "object_id": "4", "object_repr": "bechtel", "action_flag": 2, "change_message": "[{\"changed\": {\"fields\": [\"organization_machines_number\"]}}]"}}, {"model": "admin.logentry", "pk": 165, "fields": {"action_time": "2020-10-03T13:30:48.385Z", "user": 1, "content_type": 30, "object_id": "5", "object_repr": "Electricity organization", "action_flag": 1, "change_message": "[{\"added\": {}}]"}}, {"model": "admin.logentry", "pk": 166, "fields": {"action_time": "2020-10-03T13:31:18.161Z", "user": 1, "content_type": 21, "object_id": "5", "object_repr": "elkahraba", "action_flag": 2, "change_message": "[{\"changed\": {\"fields\": [\"organization\"]}}]"}}, {"model": "admin.logentry", "pk": 167, "fields": {"action_time": "2020-10-03T13:33:59.330Z", "user": 1, "content_type": 22, "object_id": "3", "object_repr": "Service section  elkahraba", "action_flag": 1, "change_message": "[{\"added\": {}}]"}}, {"model": "admin.logentry", "pk": 168, "fields": {"action_time": "2020-10-03T13:34:24.871Z", "user": 1, "content_type": 16, "object_id": "136", "object_repr": "58(mono workcentre)  elkahraba  Service section", "action_flag": 1, "change_message": "[{\"added\": {}}]"}}, {"model": "admin.logentry", "pk": 169, "fields": {"action_time": "2020-10-03T13:35:44.910Z", "user": 1, "content_type": 30, "object_id": "5", "object_repr": "Electricity organization", "action_flag": 2, "change_message": "[]"}}, {"model": "admin.logentry", "pk": 170, "fields": {"action_time": "2020-10-03T13:35:50.990Z", "user": 1, "content_type": 30, "object_id": "5", "object_repr": "Electricity organization", "action_flag": 2, "change_message": "[]"}}, {"model": "admin.logentry", "pk": 171, "fields": {"action_time": "2020-10-03T13:53:31.239Z", "user": 1, "content_type": 30, "object_id": "5", "object_repr": "Electricity Organization", "action_flag": 2, "change_message": "[{\"changed\": {\"fields\": [\"name\"]}}]"}}, {"model": "admin.logentry", "pk": 172, "fields": {"action_time": "2020-10-03T13:54:13.662Z", "user": 1, "content_type": 30, "object_id": "4", "object_repr": "bechtel", "action_flag": 2, "change_message": "[]"}}, {"model": "admin.logentry", "pk": 173, "fields": {"action_time": "2020-10-03T13:54:34.858Z", "user": 1, "content_type": 30, "object_id": "4", "object_repr": "bechtel", "action_flag": 2, "change_message": "[]"}}, {"model": "admin.logentry", "pk": 174, "fields": {"action_time": "2020-10-03T13:55:41.571Z", "user": 1, "content_type": 30, "object_id": "4", "object_repr": "bechtel", "action_flag": 2, "change_message": "[]"}}, {"model": "admin.logentry", "pk": 175, "fields": {"action_time": "2020-10-03T13:59:45.204Z", "user": 1, "content_type": 30, "object_id": "4", "object_repr": "bechtel", "action_flag": 2, "change_message": "[]"}}, {"model": "admin.logentry", "pk": 176, "fields": {"action_time": "2020-10-03T14:00:16.511Z", "user": 1, "content_type": 30, "object_id": "2", "object_repr": "CIB", "action_flag": 2, "change_message": "[]"}}, {"model": "admin.logentry", "pk": 177, "fields": {"action_time": "2020-10-03T14:00:16.797Z", "user": 1, "content_type": 30, "object_id": "2", "object_repr": "CIB", "action_flag": 2, "change_message": "[]"}}, {"model": "admin.logentry", "pk": 178, "fields": {"action_time": "2020-10-03T14:05:42.643Z", "user": 1, "content_type": 30, "object_id": "4", "object_repr": "bechtel", "action_flag": 2, "change_message": "[]"}}, {"model": "admin.logentry", "pk": 179, "fields": {"action_time": "2020-10-03T14:07:36.165Z", "user": 1, "content_type": 22, "object_id": "1", "object_repr": "HR section  bechtel", "action_flag": 2, "change_message": "[{\"changed\": {\"fields\": [\"no_of_machine\"]}}]"}}, {"model": "admin.logentry", "pk": 180, "fields": {"action_time": "2020-10-03T14:07:57.028Z", "user": 1, "content_type": 22, "object_id": "2", "object_repr": "Finance section  cib", "action_flag": 2, "change_message": "[{\"changed\": {\"fields\": [\"no_of_machine\"]}}]"}}, {"model": "admin.logentry", "pk": 181, "fields": {"action_time": "2020-10-03T14:08:48.295Z", "user": 1, "content_type": 30, "object_id": "4", "object_repr": "bechtel", "action_flag": 2, "change_message": "[]"}}, {"model": "admin.logentry", "pk": 182, "fields": {"action_time": "2020-10-03T17:34:26.147Z", "user": 1, "content_type": 22, "object_id": "4", "object_repr": "Production section  bechtel", "action_flag": 1, "change_message": "[{\"added\": {}}]"}}, {"model": "admin.logentry", "pk": 183, "fields": {"action_time": "2020-10-03T17:34:45.711Z", "user": 1, "content_type": 16, "object_id": "137", "object_repr": "62(wide format)  bechtel  Production section", "action_flag": 1, "change_message": "[{\"added\": {}}]"}}, {"model": "admin.logentry", "pk": 184, "fields": {"action_time": "2020-10-03T17:35:02.747Z", "user": 1, "content_type": 16, "object_id": "137", "object_repr": "62(wide format)  bechtel  Production section", "action_flag": 2, "change_message": "[{\"changed\": {\"fields\": [\"contract\"]}}]"}}, {"model": "admin.logentry", "pk": 185, "fields": {"action_time": "2020-10-03T17:35:24.913Z", "user": 1, "content_type": 30, "object_id": "4", "object_repr": "Bechtel", "action_flag": 2, "change_message": "[{\"changed\": {\"fields\": [\"name\"]}}]"}}, {"model": "admin.logentry", "pk": 186, "fields": {"action_time": "2020-10-03T17:40:42.448Z", "user": 1, "content_type": 16, "object_id": "137", "object_repr": "62(wide format)  bechtel  Production section", "action_flag": 2, "change_message": "[]"}}, {"model": "admin.logentry", "pk": 187, "fields": {"action_time": "2020-10-03T17:42:01.196Z", "user": 1, "content_type": 22, "object_id": "5", "object_repr": "HR section  bechtel", "action_flag": 1, "change_message": "[{\"added\": {}}]"}}, {"model": "admin.logentry", "pk": 188, "fields": {"action_time": "2020-10-03T17:42:22.071Z", "user": 1, "content_type": 16, "object_id": "138", "object_repr": "53(mono workcentre)  bechtel  HR section", "action_flag": 1, "change_message": "[{\"added\": {}}]"}}, {"model": "admin.logentry", "pk": 189, "fields": {"action_time": "2020-10-03T17:44:41.566Z", "user": 1, "content_type": 16, "object_id": "135", "object_repr": "56(mono workcentre)  bechtel  HR section", "action_flag": 3, "change_message": ""}}, {"model": "admin.logentry", "pk": 190, "fields": {"action_time": "2020-10-03T17:56:17.307Z", "user": 1, "content_type": 30, "object_id": "4", "object_repr": "Bechtel", "action_flag": 2, "change_message": "[{\"changed\": {\"fields\": [\"organization_machines_number\"]}}]"}}, {"model": "admin.logentry", "pk": 191, "fields": {"action_time": "2020-10-03T17:56:17.875Z", "user": 1, "content_type": 30, "object_id": "4", "object_repr": "Bechtel", "action_flag": 2, "change_message": "[{\"changed\": {\"fields\": [\"organization_machines_number\"]}}]"}}, {"model": "admin.logentry", "pk": 192, "fields": {"action_time": "2020-10-03T17:56:35.700Z", "user": 1, "content_type": 22, "object_id": "4", "object_repr": "Production section  bechtel", "action_flag": 2, "change_message": "[{\"changed\": {\"fields\": [\"no_of_machine\"]}}]"}}, {"model": "admin.logentry", "pk": 193, "fields": {"action_time": "2020-10-03T17:56:53.474Z", "user": 1, "content_type": 22, "object_id": "4", "object_repr": "Production section  bechtel", "action_flag": 2, "change_message": "[{\"changed\": {\"fields\": [\"no_of_machine\"]}}]"}}, {"model": "admin.logentry", "pk": 194, "fields": {"action_time": "2020-10-03T17:58:22.097Z", "user": 1, "content_type": 16, "object_id": "139", "object_repr": "36(mono phasor)  bechtel  Production section", "action_flag": 1, "change_message": "[{\"added\": {}}]"}}, {"model": "admin.logentry", "pk": 195, "fields": {"action_time": "2020-10-03T17:59:44.302Z", "user": 1, "content_type": 16, "object_id": "139", "object_repr": "36(mono phasor)  bechtel  Production section", "action_flag": 3, "change_message": ""}}, {"model": "admin.logentry", "pk": 196, "fields": {"action_time": "2020-10-03T18:05:24.880Z", "user": 1, "content_type": 30, "object_id": "4", "object_repr": "Bechtel", "action_flag": 2, "change_message": "[{\"changed\": {\"fields\": [\"organization_machines_number\"]}}]"}}, {"model": "admin.logentry", "pk": 197, "fields": {"action_time": "2020-10-03T18:07:14.591Z", "user": 1, "content_type": 22, "object_id": "5", "object_repr": "HR section  bechtel", "action_flag": 3, "change_message": ""}}, {"model": "admin.logentry", "pk": 198, "fields": {"action_time": "2020-10-03T18:08:14.616Z", "user": 1, "content_type": 30, "object_id": "2", "object_repr": "CIB", "action_flag": 2, "change_message": "[{\"changed\": {\"fields\": [\"organization_machines_number\"]}}]"}}, {"model": "admin.logentry", "pk": 199, "fields": {"action_time": "2020-10-03T18:11:11.357Z", "user": 1, "content_type": 21, "object_id": "6", "object_repr": "kahraba abukier", "action_flag": 1, "change_message": "[{\"added\": {}}]"}}, {"model": "admin.logentry", "pk": 200, "fields": {"action_time": "2020-10-03T18:12:13.981Z", "user": 1, "content_type": 21, "object_id": "7", "object_repr": "kahraba elmandara", "action_flag": 1, "change_message": "[{\"added\": {}}]"}}, {"model": "admin.logentry", "pk": 201, "fields": {"action_time": "2020-10-03T18:12:52.288Z", "user": 1, "content_type": 21, "object_id": "5", "object_repr": "elkahraba sidibishr", "action_flag": 2, "change_message": "[{\"changed\": {\"fields\": [\"name\"]}}]"}}, {"model": "admin.logentry", "pk": 202, "fields": {"action_time": "2020-10-03T18:15:26.145Z", "user": 1, "content_type": 22, "object_id": "6", "object_repr": "Sales section  kahraba elmandara", "action_flag": 1, "change_message": "[{\"added\": {}}]"}}, {"model": "admin.logentry", "pk": 203, "fields": {"action_time": "2020-10-03T18:15:44.019Z", "user": 1, "content_type": 16, "object_id": "140", "object_repr": "56(mono workcentre)  kahraba elmandara  Sales section", "action_flag": 1, "change_message": "[{\"added\": {}}]"}}, {"model": "admin.logentry", "pk": 204, "fields": {"action_time": "2020-10-03T18:18:23.839Z", "user": 1, "content_type": 2, "object_id": "1", "object_repr": "dispatcher group", "action_flag": 1, "change_message": "[{\"added\": {}}]"}}, {"model": "admin.logentry", "pk": 205, "fields": {"action_time": "2020-10-03T18:19:19.339Z", "user": 1, "content_type": 13, "object_id": "2", "object_repr": "momo", "action_flag": 2, "change_message": "[{\"changed\": {\"fields\": [\"groups\"]}}]"}}, {"model": "admin.logentry", "pk": 206, "fields": {"action_time": "2020-10-03T18:20:06.595Z", "user": 1, "content_type": 13, "object_id": "4", "object_repr": "mymy", "action_flag": 2, "change_message": "[{\"changed\": {\"fields\": [\"groups\"]}}]"}}, {"model": "admin.logentry", "pk": 207, "fields": {"action_time": "2020-10-03T18:25:07.875Z", "user": 1, "content_type": 14, "object_id": "29", "object_repr": "EGD202025 bechtel 7835 29", "action_flag": 1, "change_message": "[{\"added\": {}}]"}}, {"model": "admin.logentry", "pk": 208, "fields": {"action_time": "2020-10-03T20:29:18.138Z", "user": 1, "content_type": 14, "object_id": "29", "object_repr": "EGD202025 bechtel 7835 29", "action_flag": 2, "change_message": "[]"}}, {"model": "admin.logentry", "pk": 209, "fields": {"action_time": "2020-10-03T20:32:44.280Z", "user": 1, "content_type": 14, "object_id": "30", "object_repr": "EGD202025 bechtel 6204 30", "action_flag": 1, "change_message": "[{\"added\": {}}]"}}, {"model": "admin.logentry", "pk": 210, "fields": {"action_time": "2020-10-03T20:40:30.714Z", "user": 1, "content_type": 24, "object_id": "1", "object_repr": "EGD202025", "action_flag": 2, "change_message": "[{\"changed\": {\"fields\": [\"no_of_calls\", \"no_of_calls_pending\", \"no_ofcalls_success\"]}}]"}}, {"model": "admin.logentry", "pk": 211, "fields": {"action_time": "2020-10-03T20:48:42.574Z", "user": 1, "content_type": 14, "object_id": "30", "object_repr": "EGD202025 bechtel 6204 30", "action_flag": 2, "change_message": "[{\"changed\": {\"fields\": [\"status\"]}}]"}}, {"model": "admin.logentry", "pk": 212, "fields": {"action_time": "2020-10-03T22:14:25.067Z", "user": 1, "content_type": 14, "object_id": "27", "object_repr": "EGD202025 bechtel 7855 27", "action_flag": 2, "change_message": "[{\"changed\": {\"fields\": [\"engineer\", \"status\"]}}]"}}, {"model": "admin.logentry", "pk": 213, "fields": {"action_time": "2020-10-03T22:19:01.855Z", "user": 1, "content_type": 14, "object_id": "27", "object_repr": "EGD202025 bechtel 7855 27", "action_flag": 2, "change_message": "[{\"changed\": {\"fields\": [\"status\"]}}]"}}, {"model": "admin.logentry", "pk": 214, "fields": {"action_time": "2020-10-03T22:20:16.233Z", "user": 1, "content_type": 14, "object_id": "27", "object_repr": "EGD202025 bechtel 7855 27", "action_flag": 2, "change_message": "[{\"changed\": {\"fields\": [\"status\"]}}]"}}, {"model": "admin.logentry", "pk": 215, "fields": {"action_time": "2020-10-03T22:24:33.091Z", "user": 1, "content_type": 14, "object_id": "26", "object_repr": "EGD202025 bechtel 7835 26", "action_flag": 2, "change_message": "[{\"changed\": {\"fields\": [\"engineer\", \"status\"]}}]"}}, {"model": "admin.logentry", "pk": 216, "fields": {"action_time": "2020-10-03T22:39:59.937Z", "user": 1, "content_type": 14, "object_id": "26", "object_repr": "7835 bechtel 26  no engineer assigned yet", "action_flag": 2, "change_message": "[{\"changed\": {\"fields\": [\"status\"]}}]"}}, {"model": "admin.logentry", "pk": 217, "fields": {"action_time": "2020-10-03T22:41:59.555Z", "user": 1, "content_type": 14, "object_id": "26", "object_repr": "EGD202025 bechtel 7835 26", "action_flag": 2, "change_message": "[{\"changed\": {\"fields\": [\"engineer\"]}}]"}}, {"model": "admin.logentry", "pk": 218, "fields": {"action_time": "2020-10-03T22:49:30.948Z", "user": 1, "content_type": 14, "object_id": "21", "object_repr": "7865 bechtel 21  no engineer assigned yet", "action_flag": 2, "change_message": "[{\"changed\": {\"fields\": [\"status\"]}}]"}}, {"model": "admin.logentry", "pk": 219, "fields": {"action_time": "2020-10-03T22:51:12.406Z", "user": 1, "content_type": 14, "object_id": "21", "object_repr": "EGD202025 bechtel 7865 21", "action_flag": 2, "change_message": "[{\"changed\": {\"fields\": [\"engineer\"]}}]"}}]
