[{"model": "machine.category", "pk": 1, "fields": {"category_type": "color machine"}}, {"model": "machine.category", "pk": 2, "fields": {"category_type": "black-white machine"}}, {"model": "machine.machine", "pk": 1, "fields": {"name": "7845", "serial": 2323434, "serial2": "21", "machine_model": "78", "slug": "2323434-21", "description": "this is color machine, 45 ppm, full function machine", "added": "2020-09-22T20:26:26.556Z", "speed": 45, "machine_category": null, "customer": 1, "department": 1, "area": 1, "contract": null, "engineers": [1]}}, {"model": "machine.machine", "pk": 2, "fields": {"name": "5955", "serial": 1221322, "serial2": "sg2", "machine_model": "59", "slug": "1221322-sg2", "description": "this is black and white machine", "added": "2020-09-25T22:37:06.689Z", "speed": 55, "machine_category": null, "customer": 2, "department": 2, "area": 2, "contract": 1, "engineers": [2]}}, {"model": "machine.machine", "pk": 3, "fields": {"name": "5855", "serial": 23243434, "serial2": "122-ss", "machine_model": "58", "slug": "23243434-122-ss", "description": "this is black and white", "added": "2020-09-27T11:57:02.139Z", "speed": 55, "machine_category": null, "customer": 1, "department": 1, "area": 1, "contract": null, "engineers": [1]}}, {"model": "machine.machine", "pk": 4, "fields": {"name": "6705", "serial": 232243, "serial2": "23sss", "machine_model": "67", "slug": "232243-23sss", "description": "this is wide-format", "added": "2020-09-27T11:58:00.965Z", "speed": 20, "machine_category": null, "customer": 1, "department": 1, "area": 1, "contract": null, "engineers": [1]}}, {"model": "machine.machine", "pk": 5, "fields": {"name": "7830", "serial": 2322333, "serial2": "232332d", "machine_model": "78", "slug": "2322333-232332d", "description": "this is color machine", "added": "2020-09-27T12:01:16.733Z", "speed": 35, "machine_category": null, "customer": 1, "department": 1, "area": 1, "contract": 1, "engineers": [1]}}, {"model": "machine.machine", "pk": 6, "fields": {"name": "3655", "serial": 22332323, "serial2": "212j", "machine_model": "36", "slug": "45fdtr6776", "description": "this is mono phasor", "added": "2020-09-27T17:43:32.843Z", "speed": 55, "machine_category": null, "customer": 1, "department": 1, "area": 1, "contract": 1, "engineers": [1]}}, {"model": "machine.machine", "pk": 7, "fields": {"name": "7855", "serial": 213434, "serial2": "222323131", "machine_model": "78", "slug": "213434-21", "description": "this is color machine, 55 ppm, full function machine", "added": "2020-09-22T20:26:26.556Z", "speed": 55, "machine_category": null, "customer": 1, "department": 1, "area": 1, "contract": null, "engineers": [1]}}, {"model": "machine.machine", "pk": 8, "fields": {"name": "7855", "serial": 2134534, "serial2": "22423231", "machine_model": "78", "slug": "21y34-21", "description": "this is color machine, 55 ppm, full function machine", "added": "2020-09-22T20:26:26.556Z", "speed": 55, "machine_category": null, "customer": 1, "department": 1, "area": 1, "contract": null, "engineers": [1]}}, {"model": "machine.machine", "pk": 9, "fields": {"name": "7865", "serial": 2134734, "serial2": "272323131", "machine_model": "78", "slug": "213j4-21", "description": "this is color machine, 65 ppm, full function machine", "added": "2020-09-22T20:26:26.556Z", "speed": 55, "machine_category": null, "customer": 1, "department": 1, "area": 1, "contract": null, "engineers": [1]}}, {"model": "machine.machine", "pk": 10, "fields": {"name": "7835", "serial": 2188934, "serial2": "22r31", "machine_model": "78", "slug": "21ydd34-21", "description": "this is color machine, 35 ppm, full function machine", "added": "2020-09-22T20:26:26.556Z", "speed": 55, "machine_category": null, "customer": 1, "department": 1, "area": 1, "contract": null, "engineers": [1]}}, {"model": "machine.machine", "pk": 11, "fields": {"name": "7835", "serial": 2139774, "serial2": "2r23131", "machine_model": "78", "slug": "21dfds3j4-21", "description": "this is color machine, 35 ppm, full function machine", "added": "2020-09-22T20:26:26.556Z", "speed": 55, "machine_category": null, "customer": 1, "department": 1, "area": 1, "contract": null, "engineers": [1]}}, {"model": "machine.machine", "pk": 12, "fields": {"name": "7835", "serial": 2134874, "serial2": "2r2323131", "machine_model": "78", "slug": "2134df34-21", "description": "this is color machine, 35 ppm, full function machine", "added": "2020-09-22T20:26:26.556Z", "speed": 55, "machine_category": null, "customer": 1, "department": 1, "area": 1, "contract": null, "engineers": [1]}}, {"model": "machine.machine", "pk": 13, "fields": {"name": "7835", "serial": 21348934, "serial2": "22r131", "machine_model": "78", "slug": "213434-d21", "description": "this is color machine, 35 ppm, full function machine", "added": "2020-09-22T20:26:26.556Z", "speed": 55, "machine_category": null, "customer": 1, "department": 1, "area": 1, "contract": null, "engineers": [1]}}, {"model": "machine.machine", "pk": 14, "fields": {"name": "7835", "serial": 2134378, "serial2": "2rtr31", "machine_model": "78", "slug": "2dd13434-21", "description": "this is color machine, 35 ppm, full function machine", "added": "2020-09-22T20:26:26.556Z", "speed": 55, "machine_category": null, "customer": 1, "department": 1, "area": 1, "contract": null, "engineers": [1]}}, {"model": "machine.machine", "pk": 15, "fields": {"name": "7835", "serial": 2137874, "serial2": "222131", "machine_model": "78", "slug": "2dd13w434-21", "description": "this is color machine, 35 ppm, full function machine", "added": "2020-09-22T20:26:26.556Z", "speed": 55, "machine_category": null, "customer": 1, "department": 1, "area": 1, "contract": null, "engineers": [1]}}, {"model": "machine.machine", "pk": 16, "fields": {"name": "7855", "serial": 21348794, "serial2": "222431", "machine_model": "78", "slug": "21dd3uu434-21", "description": "this is color machine, 55 ppm, full function machine", "added": "2020-09-22T20:26:26.556Z", "speed": 55, "machine_category": null, "customer": 1, "department": 1, "area": 1, "contract": null, "engineers": [1]}}, {"model": "machine.machine", "pk": 17, "fields": {"name": "7855", "serial": 21348784, "serial2": "22232131", "machine_model": "78", "slug": "2134sdsx34-21", "description": "this is color machine, 55 ppm, full function machine", "added": "2020-09-22T20:26:26.556Z", "speed": 55, "machine_category": null, "customer": 1, "department": 1, "area": 1, "contract": null, "engineers": [1]}}, {"model": "machine.machine", "pk": 18, "fields": {"name": "7855", "serial": 21348894, "serial2": "2223r131", "machine_model": "78", "slug": "2xx13434-21", "description": "this is color machine, 55 ppm, full function machine", "added": "2020-09-22T20:26:26.556Z", "speed": 55, "machine_category": null, "customer": 1, "department": 1, "area": 1, "contract": null, "engineers": [1]}}, {"model": "machine.machine", "pk": 19, "fields": {"name": "7865", "serial": 21387634, "serial2": "2221r31", "machine_model": "78", "slug": "213ccv434-21", "description": "this is color machine, 65 ppm, full function machine", "added": "2020-09-22T20:26:26.556Z", "speed": 55, "machine_category": null, "customer": 1, "department": 1, "area": 1, "contract": null, "engineers": [1]}}, {"model": "machine.machine", "pk": 20, "fields": {"name": "7865", "serial": 21346664, "serial2": "22213r1", "machine_model": "78", "slug": "2143xxx4-21", "description": "this is color machine, 65 ppm, full function machine", "added": "2020-09-22T20:26:26.556Z", "speed": 55, "machine_category": null, "customer": 1, "department": 1, "area": 1, "contract": null, "engineers": [1]}}, {"model": "machine.machine", "pk": 21, "fields": {"name": "7865", "serial": 21343664, "serial2": "222433r1", "machine_model": "78", "slug": "21343xxx4-21", "description": "this is color machine, 65 ppm, full function machine", "added": "2020-09-22T20:26:26.556Z", "speed": 55, "machine_category": null, "customer": 1, "department": 1, "area": 1, "contract": null, "engineers": [1]}}, {"model": "machine.machine", "pk": 22, "fields": {"name": "7835", "serial": 3188934, "serial2": "32r31", "machine_model": "78", "slug": "31ydd34-21", "description": "this is color machine, 35 ppm, full function machine", "added": "2020-09-22T20:26:26.556Z", "speed": 55, "machine_category": null, "customer": 1, "department": 1, "area": 1, "contract": null, "engineers": [1]}}, {"model": "machine.machine", "pk": 23, "fields": {"name": "7835", "serial": 3139774, "serial2": "3r23131", "machine_model": "78", "slug": "31dfds3j4-21", "description": "this is color machine, 35 ppm, full function machine", "added": "2020-09-22T20:26:26.556Z", "speed": 55, "machine_category": null, "customer": 1, "department": 1, "area": 1, "contract": null, "engineers": [1]}}, {"model": "machine.machine", "pk": 24, "fields": {"name": "7835", "serial": 3134874, "serial2": "3r2323131", "machine_model": "78", "slug": "3134df34-21", "description": "this is color machine, 35 ppm, full function machine", "added": "2020-09-22T20:26:26.556Z", "speed": 55, "machine_category": null, "customer": 1, "department": 1, "area": 1, "contract": null, "engineers": [1]}}, {"model": "machine.machine", "pk": 25, "fields": {"name": "7835", "serial": 31348934, "serial2": "32r131", "machine_model": "78", "slug": "313434-d21", "description": "this is color machine, 35 ppm, full function machine", "added": "2020-09-22T20:26:26.556Z", "speed": 55, "machine_category": null, "customer": 1, "department": 1, "area": 1, "contract": null, "engineers": [1]}}, {"model": "machine.machine", "pk": 26, "fields": {"name": "7835", "serial": 3134378, "serial2": "3rtr31", "machine_model": "78", "slug": "3dd13434-21", "description": "this is color machine, 35 ppm, full function machine", "added": "2020-09-22T20:26:26.556Z", "speed": 55, "machine_category": null, "customer": 1, "department": 1, "area": 1, "contract": null, "engineers": [1]}}, {"model": "machine.machine", "pk": 27, "fields": {"name": "7835", "serial": 3137874, "serial2": "322131", "machine_model": "78", "slug": "3dd13w434-21", "description": "this is color machine, 35 ppm, full function machine", "added": "2020-09-22T20:26:26.556Z", "speed": 55, "machine_category": null, "customer": 1, "department": 1, "area": 1, "contract": null, "engineers": [1]}}, {"model": "machine.machine", "pk": 28, "fields": {"name": "7855", "serial": 31348794, "serial2": "322431", "machine_model": "78", "slug": "31dd3uu434-21", "description": "this is color machine, 55 ppm, full function machine", "added": "2020-09-22T20:26:26.556Z", "speed": 55, "machine_category": null, "customer": 1, "department": 1, "area": 1, "contract": null, "engineers": [1]}}, {"model": "machine.machine", "pk": 29, "fields": {"name": "7855", "serial": 31348784, "serial2": "32232131", "machine_model": "78", "slug": "3134sdsx34-21", "description": "this is color machine, 55 ppm, full function machine", "added": "2020-09-22T20:26:26.556Z", "speed": 55, "machine_category": null, "customer": 1, "department": 1, "area": 1, "contract": null, "engineers": [1]}}, {"model": "machine.machine", "pk": 30, "fields": {"name": "7855", "serial": 31348894, "serial2": "3223r131", "machine_model": "78", "slug": "3xx13434-21", "description": "this is color machine, 55 ppm, full function machine", "added": "2020-09-22T20:26:26.556Z", "speed": 55, "machine_category": null, "customer": 1, "department": 1, "area": 1, "contract": null, "engineers": [1]}}, {"model": "machine.machine", "pk": 31, "fields": {"name": "7865", "serial": 31387634, "serial2": "3221r31", "machine_model": "78", "slug": "313ccv434-21", "description": "this is color machine, 65 ppm, full function machine", "added": "2020-09-22T20:26:26.556Z", "speed": 55, "machine_category": null, "customer": 1, "department": 1, "area": 1, "contract": null, "engineers": [1]}}, {"model": "machine.machine", "pk": 32, "fields": {"name": "7865", "serial": 31346664, "serial2": "32213r1", "machine_model": "78", "slug": "3143xxx4-21", "description": "this is color machine, 65 ppm, full function machine", "added": "2020-09-22T20:26:26.556Z", "speed": 55, "machine_category": null, "customer": 1, "department": 1, "area": 1, "contract": null, "engineers": [1]}}, {"model": "machine.machine", "pk": 33, "fields": {"name": "7865", "serial": 31343664, "serial2": "322433r1", "machine_model": "78", "slug": "31343xxx4-21", "description": "this is color machine, 65 ppm, full function machine", "added": "2020-09-22T20:26:26.556Z", "speed": 55, "machine_category": null, "customer": 1, "department": 1, "area": 1, "contract": null, "engineers": [1]}}, {"model": "machine.machine", "pk": 34, "fields": {"name": "5835", "serial": 4188934, "serial2": "42r31", "machine_model": "58", "slug": "41ydd34-21", "description": "this is mono machine, 35 ppm, full function machine", "added": "2020-09-22T20:26:26.556Z", "speed": 35, "machine_category": null, "customer": 1, "department": 1, "area": 1, "contract": null, "engineers": [2]}}, {"model": "machine.machine", "pk": 35, "fields": {"name": "5835", "serial": 4139774, "serial2": "4r23131", "machine_model": "58", "slug": "41dfds3j4-21", "description": "this is mono machine, 35 ppm, full function machine", "added": "2020-09-22T20:26:26.556Z", "speed": 35, "machine_category": null, "customer": 1, "department": 1, "area": 1, "contract": null, "engineers": [2]}}, {"model": "machine.machine", "pk": 36, "fields": {"name": "5835", "serial": 4134874, "serial2": "4r2323131", "machine_model": "58", "slug": "4134df34-21", "description": "this is mono machine, 35 ppm, full function machine", "added": "2020-09-22T20:26:26.556Z", "speed": 35, "machine_category": null, "customer": 1, "department": 1, "area": 1, "contract": null, "engineers": [2]}}, {"model": "machine.machine", "pk": 37, "fields": {"name": "5835", "serial": 413934, "serial2": "42r131", "machine_model": "58", "slug": "413434-d21", "description": "this is mono machine, 35 ppm, full function machine", "added": "2020-09-22T20:26:26.556Z", "speed": 35, "machine_category": "mono workcentre", "customer": 2, "department": 2, "area": 2, "contract": 1, "engineers": [2]}}, {"model": "machine.machine", "pk": 38, "fields": {"name": "7835", "serial": 4134378, "serial2": "4rtr31", "machine_model": "78", "slug": "4dd13434-21", "description": "this is color machine, 35 ppm, full function machine", "added": "2020-09-22T20:26:26.556Z", "speed": 35, "machine_category": "color workcentre", "customer": 2, "department": 2, "area": 2, "contract": 1, "engineers": [2]}}, {"model": "machine.machine", "pk": 39, "fields": {"name": "7835", "serial": 4137874, "serial2": "422131", "machine_model": "78", "slug": "4dd13w434-21", "description": "this is color machine, 35 ppm, full function machine", "added": "2020-09-22T20:26:26.556Z", "speed": 35, "machine_category": "color workcentre", "customer": 2, "department": 2, "area": 2, "contract": 1, "engineers": [2]}}, {"model": "machine.machine", "pk": 40, "fields": {"name": "5955", "serial": 4318794, "serial2": "422431", "machine_model": "59", "slug": "41dd3uu434-21", "description": "this is mono machine, 55 ppm, full function machine", "added": "2020-09-22T20:26:26.556Z", "speed": 55, "machine_category": "color workcentre", "customer": 2, "department": 2, "area": 2, "contract": 1, "engineers": [2]}}, {"model": "machine.machine", "pk": 41, "fields": {"name": "5955", "serial": 4313784, "serial2": "42232131", "machine_model": "59", "slug": "4134sdsx34-21", "description": "this is mono machine, 55 ppm, full function machine", "added": "2020-09-22T20:26:26.556Z", "speed": 55, "machine_category": null, "customer": 2, "department": 2, "area": 2, "contract": 1, "engineers": [2]}}, {"model": "machine.machine", "pk": 42, "fields": {"name": "5955", "serial": 4134894, "serial2": "4223r131", "machine_model": "59", "slug": "4xx13434-21", "description": "this is mono machine, 55 ppm, full function machine", "added": "2020-09-22T20:26:26.556Z", "speed": 55, "machine_category": null, "customer": 2, "department": 2, "area": 2, "contract": null, "engineers": [2]}}, {"model": "machine.machine", "pk": 43, "fields": {"name": "5865", "serial": 4143634, "serial2": "4221r31", "machine_model": "58", "slug": "413ccv434-21", "description": "this is mono machine, 65 ppm, full function machine", "added": "2020-09-22T20:26:26.556Z", "speed": 65, "machine_category": null, "customer": 2, "department": 2, "area": 2, "contract": null, "engineers": [2]}}, {"model": "machine.machine", "pk": 44, "fields": {"name": "5865", "serial": 4134664, "serial2": "42213r1", "machine_model": "58", "slug": "4143xxx4-21", "description": "this is mono machine, 65 ppm, full function machine", "added": "2020-09-22T20:26:26.556Z", "speed": 65, "machine_category": "mono workcentre", "customer": 2, "department": 2, "area": 2, "contract": 1, "engineers": [2]}}, {"model": "machine.machine", "pk": 45, "fields": {"name": "5865", "serial": 4413664, "serial2": "422433r1", "machine_model": "58", "slug": "41343xxx4-21", "description": "this is mono machine, 65 ppm, full function machine", "added": "2020-09-22T20:26:26.556Z", "speed": 65, "machine_category": "mono workcentre", "customer": 2, "department": 2, "area": 2, "contract": 1, "engineers": [2]}}, {"model": "machine.machine", "pk": 46, "fields": {"name": "5835", "serial": 5188934, "serial2": "542r31", "machine_model": "58", "slug": "51ydd34-21", "description": "this is mono machine, 35 ppm, full function machine", "added": "2020-09-22T20:26:26.556Z", "speed": 35, "machine_category": "mono workcentre", "customer": 1, "department": 1, "area": 1, "contract": 2, "engineers": [1]}}, {"model": "machine.machine", "pk": 47, "fields": {"name": "5835", "serial": 5139774, "serial2": "5r23131", "machine_model": "58", "slug": "51dfds3j4-21", "description": "this is mono machine, 35 ppm, full function machine", "added": "2020-09-22T20:26:26.556Z", "speed": 35, "machine_category": "mono workcentre", "customer": 1, "department": 1, "area": 1, "contract": 2, "engineers": [1]}}, {"model": "machine.machine", "pk": 48, "fields": {"name": "5835", "serial": 5134874, "serial2": "5r2323131", "machine_model": "58", "slug": "5134df34-21", "description": "this is mono machine, 35 ppm, full function machine", "added": "2020-09-22T20:26:26.556Z", "speed": 35, "machine_category": "mono workcentre", "customer": 1, "department": 1, "area": 1, "contract": 2, "engineers": [1]}}, {"model": "machine.machine", "pk": 49, "fields": {"name": "5835", "serial": 513934, "serial2": "52r131", "machine_model": "58", "slug": "513434-d21", "description": "this is mono machine, 35 ppm, full function machine", "added": "2020-09-22T20:26:26.556Z", "speed": 35, "machine_category": "mono workcentre", "customer": 1, "department": 1, "area": 1, "contract": 2, "engineers": [1]}}, {"model": "machine.machine", "pk": 50, "fields": {"name": "7835", "serial": 5134378, "serial2": "5rtr31", "machine_model": "78", "slug": "5dd13434-21", "description": "this is color machine, 35 ppm, full function machine", "added": "2020-09-22T20:26:26.556Z", "speed": 35, "machine_category": "color workcentre", "customer": 1, "department": 1, "area": 1, "contract": 2, "engineers": [1]}}, {"model": "machine.machine", "pk": 51, "fields": {"name": "7835", "serial": 5137874, "serial2": "522131", "machine_model": "78", "slug": "5dd13w434-21", "description": "this is color machine, 35 ppm, full function machine", "added": "2020-09-22T20:26:26.556Z", "speed": 35, "machine_category": null, "customer": 1, "department": 1, "area": 1, "contract": null, "engineers": [1]}}, {"model": "machine.machine", "pk": 52, "fields": {"name": "5955", "serial": 5318794, "serial2": "522431", "machine_model": "59", "slug": "51dd3uu434-21", "description": "this is mono machine, 55 ppm, full function machine", "added": "2020-09-22T20:26:26.556Z", "speed": 55, "machine_category": null, "customer": 1, "department": 1, "area": 1, "contract": null, "engineers": [1]}}, {"model": "machine.machine", "pk": 53, "fields": {"name": "5955", "serial": 5313784, "serial2": "52232131", "machine_model": "59", "slug": "5134sdsx34-21", "description": "this is mono machine, 55 ppm, full function machine", "added": "2020-09-22T20:26:26.556Z", "speed": 55, "machine_category": null, "customer": 1, "department": 1, "area": 1, "contract": null, "engineers": [1]}}, {"model": "machine.machine", "pk": 54, "fields": {"name": "5955", "serial": 5134894, "serial2": "5223r131", "machine_model": "59", "slug": "5xx13434-21", "description": "this is mono machine, 55 ppm, full function machine", "added": "2020-09-22T20:26:26.556Z", "speed": 55, "machine_category": null, "customer": 1, "department": 1, "area": 1, "contract": null, "engineers": [1]}}, {"model": "machine.machine", "pk": 55, "fields": {"name": "5865", "serial": 5143634, "serial2": "5221r31", "machine_model": "58", "slug": "513ccv434-21", "description": "this is mono machine, 65 ppm, full function machine", "added": "2020-09-22T20:26:26.556Z", "speed": 65, "machine_category": null, "customer": 1, "department": 1, "area": 1, "contract": null, "engineers": [1]}}, {"model": "machine.machine", "pk": 56, "fields": {"name": "5865", "serial": 5134664, "serial2": "52213r1", "machine_model": "58", "slug": "5143xxx4-21", "description": "this is mono machine, 65 ppm, full function machine", "added": "2020-09-22T20:26:26.556Z", "speed": 65, "machine_category": null, "customer": 1, "department": 1, "area": 1, "contract": null, "engineers": [1]}}, {"model": "machine.machine", "pk": 57, "fields": {"name": "5865", "serial": 5413664, "serial2": "522433r1", "machine_model": "58", "slug": "51343xxx4-21", "description": "this is mono machine, 65 ppm, full function machine", "added": "2020-09-22T20:26:26.556Z", "speed": 65, "machine_category": null, "customer": 1, "department": 1, "area": 1, "contract": null, "engineers": [1]}}, {"model": "machine.machine", "pk": 58, "fields": {"name": "5835", "serial": 43348934, "serial2": "4342rt31", "machine_model": "58", "slug": "751ydd34-31", "description": "this is mono machine, 35 ppm, full function machine", "added": "2020-09-22T20:26:26.556Z", "speed": 35, "machine_category": null, "customer": 1, "department": 1, "area": 1, "contract": null, "engineers": [1]}}, {"model": "machine.machine", "pk": 59, "fields": {"name": "5955", "serial": 43497774, "serial2": "434231t31", "machine_model": "58", "slug": "751dfds3j4-31", "description": "this is mono machine, 35 ppm, full function machine", "added": "2020-09-22T20:26:26.556Z", "speed": 35, "machine_category": "mono workcentre", "customer": 1, "department": 1, "area": 1, "contract": 3, "engineers": [1]}}, {"model": "machine.machine", "pk": 60, "fields": {"name": "5835", "serial": 43448774, "serial2": "434331t31", "machine_model": "58", "slug": "75134df34-21", "description": "this is mono machine, 35 ppm, full function machine", "added": "2020-09-22T20:26:26.556Z", "speed": 35, "machine_category": null, "customer": 1, "department": 1, "area": 1, "contract": null, "engineers": [1]}}, {"model": "machine.machine", "pk": 61, "fields": {"name": "5835", "serial": 43493554, "serial2": "434ry131", "machine_model": "58", "slug": "7513434-d21", "description": "this is mono machine, 35 ppm, full function machine", "added": "2020-09-22T20:26:26.556Z", "speed": 35, "machine_category": null, "customer": 1, "department": 1, "area": 1, "contract": null, "engineers": [1]}}, {"model": "machine.machine", "pk": 62, "fields": {"name": "7835", "serial": 43454378, "serial2": "43t4tr31", "machine_model": "78", "slug": "75dd13434-21", "description": "this is color machine, 35 ppm, full function machine", "added": "2020-09-22T20:26:26.556Z", "speed": 35, "machine_category": null, "customer": 1, "department": 1, "area": 1, "contract": null, "engineers": [1]}}, {"model": "machine.machine", "pk": 63, "fields": {"name": "7835", "serial": 43478574, "serial2": "4342131", "machine_model": "78", "slug": "75dd13w434-21", "description": "this is color machine, 35 ppm, full function machine", "added": "2020-09-22T20:26:26.556Z", "speed": 35, "machine_category": null, "customer": 1, "department": 1, "area": 1, "contract": null, "engineers": [1]}}, {"model": "machine.machine", "pk": 64, "fields": {"name": "5955", "serial": 43487954, "serial2": "43424631", "machine_model": "59", "slug": "751dd3uu434-21", "description": "this is mono machine, 55 ppm, full function machine", "added": "2020-09-22T20:26:26.556Z", "speed": 55, "machine_category": null, "customer": 1, "department": 1, "area": 1, "contract": null, "engineers": [1]}}, {"model": "machine.machine", "pk": 65, "fields": {"name": "5955", "serial": 43437854, "serial2": "434239131", "machine_model": "59", "slug": "75134sdsx34-21", "description": "this is mono machine, 55 ppm, full function machine", "added": "2020-09-22T20:26:26.556Z", "speed": 55, "machine_category": null, "customer": 1, "department": 1, "area": 1, "contract": null, "engineers": [1]}}, {"model": "machine.machine", "pk": 66, "fields": {"name": "5955", "serial": 43448954, "serial2": "43493r131", "machine_model": "59", "slug": "75xx13434-21", "description": "this is mono machine, 55 ppm, full function machine", "added": "2020-09-22T20:26:26.556Z", "speed": 55, "machine_category": null, "customer": 1, "department": 1, "area": 1, "contract": null, "engineers": [1]}}, {"model": "machine.machine", "pk": 67, "fields": {"name": "5865", "serial": 43436354, "serial2": "434o1r31", "machine_model": "58", "slug": "7513ccv434-21", "description": "this is mono machine, 65 ppm, full function machine", "added": "2020-09-22T20:26:26.556Z", "speed": 65, "machine_category": null, "customer": 1, "department": 1, "area": 1, "contract": null, "engineers": [1]}}, {"model": "machine.machine", "pk": 68, "fields": {"name": "5865", "serial": 43446654, "serial2": "43413r1", "machine_model": "58", "slug": "75143xxx4-21", "description": "this is mono machine, 65 ppm, full function machine", "added": "2020-09-22T20:26:26.556Z", "speed": 65, "machine_category": null, "customer": 1, "department": 1, "area": 1, "contract": null, "engineers": [1]}}, {"model": "machine.machine", "pk": 69, "fields": {"name": "5865", "serial": 43436654, "serial2": "434673r1", "machine_model": "58", "slug": "751343xxx4-21", "description": "this is mono machine, 65 ppm, full function machine", "added": "2020-09-22T20:26:26.556Z", "speed": 65, "machine_category": null, "customer": 1, "department": 1, "area": 1, "contract": null, "engineers": [1]}}, {"model": "machine.machine", "pk": 70, "fields": {"name": "7835", "serial": 43486354, "serial2": "434r3k1", "machine_model": "78", "slug": "731ydd34-21", "description": "this is color machine, 35 ppm, full function machine", "added": "2020-09-22T20:26:26.556Z", "speed": 55, "machine_category": null, "customer": 1, "department": 1, "area": 1, "contract": null, "engineers": [1]}}, {"model": "machine.machine", "pk": 71, "fields": {"name": "7835", "serial": 43479774, "serial2": "4343131", "machine_model": "78", "slug": "731dfds3j4-21", "description": "this is color machine, 35 ppm, full function machine", "added": "2020-09-22T20:26:26.556Z", "speed": 55, "machine_category": null, "customer": 1, "department": 1, "area": 1, "contract": null, "engineers": [1]}}, {"model": "machine.machine", "pk": 72, "fields": {"name": "7835", "serial": 43554874, "serial2": "433323131", "machine_model": "78", "slug": "73134dft34-31", "description": "this is color machine, 35 ppm, full function machine", "added": "2020-09-22T20:26:26.556Z", "speed": 55, "machine_category": null, "customer": 1, "department": 1, "area": 1, "contract": null, "engineers": [1]}}, {"model": "machine.machine", "pk": 73, "fields": {"name": "7835", "serial": 43448934, "serial2": "434rt131", "machine_model": "78", "slug": "7313434-d31", "description": "this is color machine, 35 ppm, full function machine", "added": "2020-09-22T20:26:26.556Z", "speed": 55, "machine_category": null, "customer": 1, "department": 1, "area": 1, "contract": null, "engineers": [1]}}, {"model": "machine.machine", "pk": 74, "fields": {"name": "7835", "serial": 4344378, "serial2": "434rt31", "machine_model": "78", "slug": "73dd13434-31", "description": "this is color machine, 35 ppm, full function machine", "added": "2020-09-22T20:26:26.556Z", "speed": 55, "machine_category": null, "customer": 1, "department": 1, "area": 1, "contract": null, "engineers": [1]}}, {"model": "machine.machine", "pk": 78, "fields": {"name": "7835", "serial": 43479874, "serial2": "4341tg31", "machine_model": "78", "slug": "73dd13w434-441", "description": "this is color machine, 35 ppm, full function machine", "added": "2020-09-22T20:26:26.556Z", "speed": 55, "machine_category": null, "customer": 1, "department": 1, "area": 1, "contract": null, "engineers": [1]}}, {"model": "machine.machine", "pk": 79, "fields": {"name": "7855", "serial": 43448794, "serial2": "43424t31", "machine_model": "78", "slug": "731dd3uu434-451", "description": "this is color machine, 55 ppm, full function machine", "added": "2020-09-22T20:26:26.556Z", "speed": 55, "machine_category": null, "customer": 1, "department": 1, "area": 1, "contract": null, "engineers": [1]}}, {"model": "machine.machine", "pk": 80, "fields": {"name": "7855", "serial": 43448784, "serial2": "434232t131", "machine_model": "78", "slug": "73134sdsx34-461", "description": "this is color machine, 55 ppm, full function machine", "added": "2020-09-22T20:26:26.556Z", "speed": 55, "machine_category": null, "customer": 1, "department": 1, "area": 1, "contract": null, "engineers": [1]}}, {"model": "machine.machine", "pk": 81, "fields": {"name": "7855", "serial": 43448894, "serial2": "43423tr131", "machine_model": "78", "slug": "73xx13434-561", "description": "this is color machine, 55 ppm, full function machine", "added": "2020-09-22T20:26:26.556Z", "speed": 55, "machine_category": null, "customer": 1, "department": 1, "area": 1, "contract": null, "engineers": [1]}}, {"model": "machine.machine", "pk": 82, "fields": {"name": "7865", "serial": 43487634, "serial2": "43421r31", "machine_model": "78", "slug": "7313ccv434-5671", "description": "this is color machine, 65 ppm, full function machine", "added": "2020-09-22T20:26:26.556Z", "speed": 55, "machine_category": null, "customer": 1, "department": 1, "area": 1, "contract": null, "engineers": [1]}}, {"model": "machine.machine", "pk": 83, "fields": {"name": "7865", "serial": 43446664, "serial2": "4342t13r1", "machine_model": "78", "slug": "73143xxx4-555", "description": "this is color machine, 65 ppm, full function machine", "added": "2020-09-22T20:26:26.556Z", "speed": 55, "machine_category": null, "customer": 1, "department": 1, "area": 1, "contract": null, "engineers": [1]}}, {"model": "machine.machine", "pk": 84, "fields": {"name": "7865", "serial": 43455645, "serial2": "434t433r1", "machine_model": "78", "slug": "731343xxx4-45", "description": "this is color machine, 65 ppm, full function machine", "added": "2020-09-22T20:26:26.556Z", "speed": 55, "machine_category": null, "customer": 1, "department": 1, "area": 1, "contract": null, "engineers": [1]}}, {"model": "machine.machine", "pk": 85, "fields": {"name": "5835", "serial": 4348934, "serial2": "434tr31", "machine_model": "58", "slug": "751ydd34-44", "description": "this is mono machine, 35 ppm, full function machine", "added": "2020-09-22T20:26:26.556Z", "speed": 35, "machine_category": null, "customer": 1, "department": 1, "area": 1, "contract": null, "engineers": [1]}}, {"model": "machine.machine", "pk": 86, "fields": {"name": "5835", "serial": 4349774, "serial2": "4343t131", "machine_model": "58", "slug": "751dfds3j4-55", "description": "this is mono machine, 35 ppm, full function machine", "added": "2020-09-22T20:26:26.556Z", "speed": 35, "machine_category": null, "customer": 1, "department": 1, "area": 1, "contract": null, "engineers": [1]}}, {"model": "machine.machine", "pk": 87, "fields": {"name": "5835", "serial": 4344874, "serial2": "434t23131", "machine_model": "58", "slug": "75134df34-33", "description": "this is mono machine, 35 ppm, full function machine", "added": "2020-09-22T20:26:26.556Z", "speed": 35, "machine_category": null, "customer": 1, "department": 1, "area": 1, "contract": null, "engineers": [1]}}, {"model": "machine.machine", "pk": 88, "fields": {"name": "5835", "serial": 43493455, "serial2": "434tr131", "machine_model": "58", "slug": "7513434-d33", "description": "this is mono machine, 35 ppm, full function machine", "added": "2020-09-22T20:26:26.556Z", "speed": 35, "machine_category": null, "customer": 1, "department": 1, "area": 1, "contract": null, "engineers": [1]}}, {"model": "machine.machine", "pk": 89, "fields": {"name": "7835", "serial": 13443785, "serial2": "434ttzr31", "machine_model": "78", "slug": "75dd13434-33", "description": "this is color machine, 35 ppm, full function machine", "added": "2020-09-22T20:26:26.556Z", "speed": 35, "machine_category": null, "customer": 1, "department": 1, "area": 1, "contract": null, "engineers": [1]}}, {"model": "machine.machine", "pk": 90, "fields": {"name": "7835", "serial": 43478745, "serial2": "434t131", "machine_model": "78", "slug": "75dd13w434-241", "description": "this is color machine, 35 ppm, full function machine", "added": "2020-09-22T20:26:26.556Z", "speed": 35, "machine_category": null, "customer": 1, "department": 1, "area": 1, "contract": null, "engineers": [1]}}, {"model": "machine.machine", "pk": 91, "fields": {"name": "5955", "serial": 43487945, "serial2": "434t431", "machine_model": "59", "slug": "751dd3uu434-231", "description": "this is mono machine, 55 ppm, full function machine", "added": "2020-09-22T20:26:26.556Z", "speed": 55, "machine_category": null, "customer": 1, "department": 1, "area": 1, "contract": null, "engineers": [1]}}, {"model": "machine.machine", "pk": 92, "fields": {"name": "5955", "serial": 43437845, "serial2": "434t32131", "machine_model": "59", "slug": "75134sdsx34-231", "description": "this is mono machine, 55 ppm, full function machine", "added": "2020-09-22T20:26:26.556Z", "speed": 55, "machine_category": null, "customer": 1, "department": 1, "area": 1, "contract": null, "engineers": [1]}}, {"model": "machine.machine", "pk": 93, "fields": {"name": "5955", "serial": 43448945, "serial2": "432t3r131", "machine_model": "59", "slug": "5xx13434-231", "description": "this is mono machine, 55 ppm, full function machine", "added": "2020-09-22T20:26:26.556Z", "speed": 55, "machine_category": null, "customer": 1, "department": 1, "area": 1, "contract": null, "engineers": [1]}}, {"model": "machine.machine", "pk": 94, "fields": {"name": "5865", "serial": 43436345, "serial2": "43t1r31", "machine_model": "58", "slug": "7513ccv434-231", "description": "this is mono machine, 65 ppm, full function machine", "added": "2020-09-22T20:26:26.556Z", "speed": 65, "machine_category": null, "customer": 1, "department": 1, "area": 1, "contract": null, "engineers": [1]}}, {"model": "machine.machine", "pk": 95, "fields": {"name": "5865", "serial": 43446645, "serial2": "434t13r1", "machine_model": "58", "slug": "75143xxx4-213", "description": "this is mono machine, 65 ppm, full function machine", "added": "2020-09-22T20:26:26.556Z", "speed": 65, "machine_category": null, "customer": 1, "department": 1, "area": 1, "contract": null, "engineers": [1]}}, {"model": "machine.machine", "pk": 96, "fields": {"name": "5865", "serial": 43436645, "serial2": "4344t33r1", "machine_model": "58", "slug": "751343xxx4-231", "description": "this is mono machine, 65 ppm, full function machine", "added": "2020-09-22T20:26:26.556Z", "speed": 65, "machine_category": null, "customer": 1, "department": 1, "area": 1, "contract": null, "engineers": [1]}}, {"model": "machine.machine", "pk": 97, "fields": {"name": "7835", "serial": 43489345, "serial2": "4343tt1", "machine_model": "78", "slug": "731ydd34-231", "description": "this is color machine, 35 ppm, full function machine", "added": "2020-09-22T20:26:26.556Z", "speed": 55, "machine_category": null, "customer": 1, "department": 1, "area": 1, "contract": null, "engineers": [1]}}, {"model": "machine.machine", "pk": 98, "fields": {"name": "7835", "serial": 13497745, "serial2": "434313t1", "machine_model": "78", "slug": "731dfds3j4-231", "description": "this is color machine, 35 ppm, full function machine", "added": "2020-09-22T20:26:26.556Z", "speed": 55, "machine_category": null, "customer": 1, "department": 1, "area": 1, "contract": null, "engineers": [1]}}, {"model": "machine.machine", "pk": 99, "fields": {"name": "7835", "serial": 49994874, "serial2": "4343tt131", "machine_model": "78", "slug": "73134df34-231", "description": "this is color machine, 35 ppm, full function machine", "added": "2020-09-22T20:26:26.556Z", "speed": 55, "machine_category": null, "customer": 1, "department": 1, "area": 1, "contract": null, "engineers": [1]}}, {"model": "machine.machine", "pk": 100, "fields": {"name": "7835", "serial": 4344893, "serial2": "43ttr131", "machine_model": "78", "slug": "7313434-d231", "description": "this is color machine, 35 ppm, full function machine", "added": "2020-09-22T20:26:26.556Z", "speed": 55, "machine_category": null, "customer": 1, "department": 1, "area": 1, "contract": null, "engineers": [1]}}, {"model": "machine.machine", "pk": 101, "fields": {"name": "7835", "serial": 43449985, "serial2": "434ttt31", "machine_model": "78", "slug": "73dd13434-231", "description": "this is color machine, 35 ppm, full function machine", "added": "2020-09-22T20:26:26.556Z", "speed": 55, "machine_category": null, "customer": 1, "department": 1, "area": 1, "contract": null, "engineers": [1]}}, {"model": "machine.machine", "pk": 102, "fields": {"name": "7835", "serial": 43498945, "serial2": "434213tt1", "machine_model": "78", "slug": "73dd13w434-231", "description": "this is color machine, 35 ppm, full function machine", "added": "2020-09-22T20:26:26.556Z", "speed": 55, "machine_category": null, "customer": 1, "department": 1, "area": 1, "contract": null, "engineers": [1]}}, {"model": "machine.machine", "pk": 103, "fields": {"name": "7855", "serial": 43498994, "serial2": "43243tt1", "machine_model": "78", "slug": "731dd3uu434-231", "description": "this is color machine, 55 ppm, full function machine", "added": "2020-09-22T20:26:26.556Z", "speed": 55, "machine_category": null, "customer": 1, "department": 1, "area": 1, "contract": null, "engineers": [1]}}, {"model": "machine.machine", "pk": 104, "fields": {"name": "7855", "serial": 43888784, "serial2": "4342tt131", "machine_model": "78", "slug": "73134sdsx34-231", "description": "this is color machine, 55 ppm, full function machine", "added": "2020-09-22T20:26:26.556Z", "speed": 55, "machine_category": null, "customer": 1, "department": 1, "area": 1, "contract": null, "engineers": [1]}}, {"model": "machine.machine", "pk": 105, "fields": {"name": "7855", "serial": 43488894, "serial2": "4343tt31", "machine_model": "78", "slug": "73xx13434-231", "description": "this is color machine, 55 ppm, full function machine", "added": "2020-09-22T20:26:26.556Z", "speed": 55, "machine_category": null, "customer": 1, "department": 1, "area": 1, "contract": null, "engineers": [1]}}, {"model": "machine.machine", "pk": 106, "fields": {"name": "7865", "serial": 43487345, "serial2": "43477ttr31", "machine_model": "78", "slug": "7313ccv434-231", "description": "this is color machine, 65 ppm, full function machine", "added": "2020-09-22T20:26:26.556Z", "speed": 55, "machine_category": null, "customer": 1, "department": 1, "area": 1, "contract": null, "engineers": [1]}}, {"model": "machine.machine", "pk": 107, "fields": {"name": "7865", "serial": 43466645, "serial2": "43t88t3r1", "machine_model": "78", "slug": "73143xxx4-231", "description": "this is color machine, 65 ppm, full function machine", "added": "2020-09-22T20:26:26.556Z", "speed": 55, "machine_category": null, "customer": 1, "department": 1, "area": 1, "contract": null, "engineers": [1]}}, {"model": "machine.machine", "pk": 108, "fields": {"name": "7865", "serial": 43443645, "serial2": "43t99t33r1", "machine_model": "78", "slug": "731343xxx4-321", "description": "this is color machine, 65 ppm, full function machine", "added": "2020-09-22T20:26:26.556Z", "speed": 55, "machine_category": null, "customer": 1, "department": 1, "area": 1, "contract": null, "engineers": [1]}}, {"model": "machine.machine", "pk": 109, "fields": {"name": "5835", "serial": 43489335, "serial2": "434111r31", "machine_model": "58", "slug": "751ydd34-231", "description": "this is mono machine, 35 ppm, full function machine", "added": "2020-09-22T20:26:26.556Z", "speed": 35, "machine_category": null, "customer": 1, "department": 1, "area": 1, "contract": null, "engineers": [1]}}, {"model": "machine.machine", "pk": 110, "fields": {"name": "5835", "serial": 43497745, "serial2": "43tt3131", "machine_model": "58", "slug": "751dfds3j4-231", "description": "this is mono machine, 35 ppm, full function machine", "added": "2020-09-22T20:26:26.556Z", "speed": 35, "machine_category": null, "customer": 1, "department": 1, "area": 1, "contract": null, "engineers": [1]}}, {"model": "machine.machine", "pk": 111, "fields": {"name": "5835", "serial": 43448745, "serial2": "43t2t131", "machine_model": "58", "slug": "75134df34-231", "description": "this is mono machine, 35 ppm, full function machine", "added": "2020-09-22T20:26:26.556Z", "speed": 35, "machine_category": null, "customer": 1, "department": 1, "area": 1, "contract": null, "engineers": [1]}}, {"model": "machine.machine", "pk": 112, "fields": {"name": "5835", "serial": 43449345, "serial2": "434tr1t31", "machine_model": "58", "slug": "7513434-d231", "description": "this is mono machine, 35 ppm, full function machine", "added": "2020-09-22T20:26:26.556Z", "speed": 35, "machine_category": null, "customer": 1, "department": 1, "area": 1, "contract": null, "engineers": [1]}}, {"model": "machine.machine", "pk": 113, "fields": {"name": "7835", "serial": 43443785, "serial2": "434ttr31", "machine_model": "78", "slug": "75dd13434-231", "description": "this is color machine, 35 ppm, full function machine", "added": "2020-09-22T20:26:26.556Z", "speed": 35, "machine_category": null, "customer": 1, "department": 1, "area": 1, "contract": null, "engineers": [1]}}, {"model": "machine.machine", "pk": 114, "fields": {"name": "7835", "serial": 13478745, "serial2": "4341t3zzz1", "machine_model": "78", "slug": "75dd13w434-231", "description": "this is color machine, 35 ppm, full function machine", "added": "2020-09-22T20:26:26.556Z", "speed": 35, "machine_category": null, "customer": 1, "department": 1, "area": 1, "contract": null, "engineers": [1]}}, {"model": "machine.machine", "pk": 115, "fields": {"name": "5955", "serial": 13487945, "serial2": "43443t1", "machine_model": "59", "slug": "151dd3uu434-231", "description": "this is mono machine, 55 ppm, full function machine", "added": "2020-09-22T20:26:26.556Z", "speed": 55, "machine_category": null, "customer": 1, "department": 1, "area": 1, "contract": null, "engineers": [1]}}, {"model": "machine.machine", "pk": 116, "fields": {"name": "5955", "serial": 13437845, "serial2": "43tt2131", "machine_model": "59", "slug": "15134sdsx34-231", "description": "this is mono machine, 55 ppm, full function machine", "added": "2020-09-22T20:26:26.556Z", "speed": 55, "machine_category": null, "customer": 1, "department": 1, "area": 1, "contract": null, "engineers": [1]}}, {"model": "machine.machine", "pk": 117, "fields": {"name": "5955", "serial": 13448945, "serial2": "43tt3r131", "machine_model": "59", "slug": "75xx13434-231", "description": "this is mono machine, 55 ppm, full function machine", "added": "2020-09-22T20:26:26.556Z", "speed": 55, "machine_category": null, "customer": 1, "department": 1, "area": 1, "contract": null, "engineers": [1]}}, {"model": "machine.machine", "pk": 118, "fields": {"name": "5865", "serial": 13436345, "serial2": "43tt1r31", "machine_model": "58", "slug": "1513ccv434-231", "description": "this is mono machine, 65 ppm, full function machine", "added": "2020-09-22T20:26:26.556Z", "speed": 65, "machine_category": null, "customer": 1, "department": 1, "area": 1, "contract": null, "engineers": [1]}}, {"model": "machine.machine", "pk": 119, "fields": {"name": "5865", "serial": 13446654, "serial2": "43tt4213r1", "machine_model": "58", "slug": "75143xxx4-321", "description": "this is mono machine, 65 ppm, full function machine", "added": "2020-09-22T20:26:26.556Z", "speed": 65, "machine_category": null, "customer": 1, "department": 1, "area": 1, "contract": null, "engineers": [1]}}, {"model": "machine.machine", "pk": 120, "fields": {"name": "5865", "serial": 13436654, "serial2": "434tt33r1", "machine_model": "58", "slug": "151343xxx4-231", "description": "this is mono machine, 65 ppm, full function machine", "added": "2020-09-22T20:26:26.556Z", "speed": 65, "machine_category": null, "customer": 1, "department": 1, "area": 1, "contract": null, "engineers": [1]}}, {"model": "machine.machine", "pk": 121, "fields": {"name": "7835", "serial": 43489354, "serial2": "434tt4r31", "machine_model": "78", "slug": "1731ydd34-231", "description": "this is color machine, 35 ppm, full function machine", "added": "2020-09-22T20:26:26.556Z", "speed": 55, "machine_category": null, "customer": 1, "department": 1, "area": 1, "contract": null, "engineers": [1]}}, {"model": "machine.machine", "pk": 122, "fields": {"name": "7835", "serial": 14349774, "serial2": "43423tt131", "machine_model": "78", "slug": "731dfds3j4-321", "description": "this is color machine, 35 ppm, full function machine", "added": "2020-09-22T20:26:26.556Z", "speed": 55, "machine_category": null, "customer": 1, "department": 1, "area": 1, "contract": null, "engineers": [1]}}, {"model": "machine.machine", "pk": 123, "fields": {"name": "7835", "serial": 11344874, "serial2": "434323131", "machine_model": "78", "slug": "73134df34-321", "description": "this is color machine, 35 ppm, full function machine", "added": "2020-09-22T20:26:26.556Z", "speed": 55, "machine_category": null, "customer": 1, "department": 1, "area": 1, "contract": null, "engineers": [1]}}, {"model": "machine.machine", "pk": 124, "fields": {"name": "7835", "serial": 13448934, "serial2": "434tr1131", "machine_model": "78", "slug": "7313434-d1321", "description": "this is color machine, 35 ppm, full function machine", "added": "2020-09-22T20:26:26.556Z", "speed": 55, "machine_category": null, "customer": 1, "department": 1, "area": 1, "contract": null, "engineers": [1]}}, {"model": "machine.machine", "pk": 125, "fields": {"name": "7835", "serial": 1344378, "serial2": "134rttr31", "machine_model": "78", "slug": "73dd13434-321", "description": "this is color machine, 35 ppm, full function machine", "added": "2020-09-22T20:26:26.556Z", "speed": 55, "machine_category": null, "customer": 1, "department": 1, "area": 1, "contract": null, "engineers": [1]}}, {"model": "machine.machine", "pk": 126, "fields": {"name": "7835", "serial": 4347875, "serial2": "4342t131", "machine_model": "78", "slug": "73dd13w434-321", "description": "this is color machine, 35 ppm, full function machine", "added": "2020-09-22T20:26:26.556Z", "speed": 55, "machine_category": null, "customer": 1, "department": 1, "area": 1, "contract": null, "engineers": [1]}}, {"model": "machine.machine", "pk": 127, "fields": {"name": "7855", "serial": 13448794, "serial2": "134t2431", "machine_model": "78", "slug": "131dd3uu434-321", "description": "this is color machine, 55 ppm, full function machine", "added": "2020-09-22T20:26:26.556Z", "speed": 55, "machine_category": null, "customer": 1, "department": 1, "area": 1, "contract": null, "engineers": [1]}}, {"model": "machine.machine", "pk": 128, "fields": {"name": "7855", "serial": 13448784, "serial2": "43t4232131", "machine_model": "78", "slug": "73134sdsx34-321", "description": "this is color machine, 55 ppm, full function machine", "added": "2020-09-22T20:26:26.556Z", "speed": 55, "machine_category": null, "customer": 1, "department": 1, "area": 1, "contract": null, "engineers": [1]}}, {"model": "machine.machine", "pk": 129, "fields": {"name": "7855", "serial": 11348894, "serial2": "132t3r131", "machine_model": "78", "slug": "13xx13434-231", "description": "this is color machine, 55 ppm, full function machine", "added": "2020-09-22T20:26:26.556Z", "speed": 55, "machine_category": null, "customer": 1, "department": 1, "area": 1, "contract": null, "engineers": [1]}}, {"model": "machine.machine", "pk": 130, "fields": {"name": "7865", "serial": 13487634, "serial2": "134t21r31", "machine_model": "78", "slug": "1313ccv434-231", "description": "this is color machine, 65 ppm, full function machine", "added": "2020-09-22T20:26:26.556Z", "speed": 55, "machine_category": null, "customer": 1, "department": 1, "area": 1, "contract": null, "engineers": [1]}}, {"model": "machine.machine", "pk": 131, "fields": {"name": "7865", "serial": 13446664, "serial2": "13413rt1", "machine_model": "78", "slug": "13143xxx4-241", "description": "this is color machine, 65 ppm, full function machine", "added": "2020-09-22T20:26:26.556Z", "speed": 55, "machine_category": null, "customer": 1, "department": 1, "area": 1, "contract": null, "engineers": [1]}}, {"model": "machine.machine", "pk": 132, "fields": {"name": "7865", "serial": 43443664, "serial2": "4344tttr1", "machine_model": "78", "slug": "731343xxx4-241", "description": "this is color machine, 65 ppm, full function machine", "added": "2020-09-22T20:26:26.556Z", "speed": 55, "machine_category": null, "customer": 1, "department": 1, "area": 1, "contract": null, "engineers": [1]}}, {"model": "machine.machine", "pk": 133, "fields": {"name": "6705", "serial": 99999, "serial2": "2231ndm", "machine_model": "67", "slug": "99999-2231ndm", "description": "wide format machine it is the next generation of 6204.", "added": "2020-09-29T20:37:54.040Z", "speed": 20, "machine_category": "wide format", "customer": 1, "department": 1, "area": 1, "contract": 1, "engineers": [1]}}, {"model": "machine.machine", "pk": 134, "fields": {"name": "3655", "serial": 888888, "serial2": "2321bvb", "machine_model": "36", "slug": "888888-2321bvbb", "description": "this is black and white phasor", "added": "2020-09-29T20:45:15.067Z", "speed": 55, "machine_category": "mono phasor", "customer": 1, "department": 1, "area": 1, "contract": 1, "engineers": [1]}}, {"model": "machine.machine", "pk": 136, "fields": {"name": "5855", "serial": 1111333, "serial2": "23231", "machine_model": "58", "slug": "1111333-23231", "description": "it is black and white machine", "added": "2020-10-03T13:34:23.888Z", "speed": 55, "machine_category": "mono workcentre", "customer": 5, "department": 3, "area": 1, "contract": 2, "engineers": [1]}}, {"model": "machine.machine", "pk": 137, "fields": {"name": "6204", "serial": 23232222, "serial2": "3243243-43", "machine_model": "62", "slug": "23232222-3243243-43", "description": "it is a wide-format", "added": "2020-10-03T17:34:44.743Z", "speed": 20, "machine_category": "wide format", "customer": 1, "department": 4, "area": 1, "contract": 2, "engineers": [1]}}, {"model": "machine.machine", "pk": 140, "fields": {"name": "5655", "serial": 88888888, "serial2": "987", "machine_model": "56", "slug": "88888888-987", "description": "it is mono workcenter", "added": "2020-10-03T18:15:42.916Z", "speed": 55, "machine_category": "mono workcentre", "customer": 7, "department": 6, "area": 1, "contract": 2, "engineers": [1]}}, {"model": "machine.call", "pk": 4, "fields": {"engineer": 1, "customer": 1, "machine": 1, "is_assigned": true, "status": "completed", "previous_status": "completed", "created_date": "2020-09-22T20:32:59.243Z", "updated_date": "2020-09-30T19:28:51.846Z", "response_time_end_date": null, "assigned_date": "2020-09-22T20:31:58Z", "optimum_completed_date": null, "completed_date": "2020-09-23T02:31:58Z"}}, {"model": "machine.call", "pk": 5, "fields": {"engineer": 1, "customer": 1, "machine": 4, "is_assigned": true, "status": "pending", "previous_status": null, "created_date": "2020-09-27T17:49:16.579Z", "updated_date": "2020-09-30T19:28:51.846Z", "response_time_end_date": null, "assigned_date": "2020-09-27T16:01:11Z", "optimum_completed_date": null, "completed_date": "2020-09-27T22:01:11Z"}}, {"model": "machine.call", "pk": 6, "fields": {"engineer": 1, "customer": 1, "machine": 4, "is_assigned": true, "status": "completed", "previous_status": "completed", "created_date": "2020-09-27T17:49:52.045Z", "updated_date": "2020-09-30T19:28:51.846Z", "response_time_end_date": null, "assigned_date": "2020-09-27T16:01:11Z", "optimum_completed_date": null, "completed_date": "2020-09-27T22:01:11Z"}}, {"model": "machine.call", "pk": 7, "fields": {"engineer": 2, "customer": 2, "machine": 2, "is_assigned": true, "status": "pending", "previous_status": "pending", "created_date": "2020-09-27T17:52:53.322Z", "updated_date": "2020-09-30T19:28:51.846Z", "response_time_end_date": null, "assigned_date": "2020-09-27T16:01:11Z", "optimum_completed_date": null, "completed_date": "2020-09-27T22:01:11Z"}}, {"model": "machine.call", "pk": 8, "fields": {"engineer": 1, "customer": 1, "machine": 128, "is_assigned": true, "status": "pending", "previous_status": null, "created_date": "2020-09-29T16:52:21.985Z", "updated_date": "2020-09-30T19:28:51.846Z", "response_time_end_date": null, "assigned_date": "2020-09-29T16:48:43Z", "optimum_completed_date": null, "completed_date": "2020-09-29T22:48:43Z"}}, {"model": "machine.call", "pk": 9, "fields": {"engineer": 1, "customer": 1, "machine": 128, "is_assigned": true, "status": "pending", "previous_status": null, "created_date": "2020-09-29T16:52:22.057Z", "updated_date": "2020-09-30T19:28:51.846Z", "response_time_end_date": null, "assigned_date": "2020-09-29T16:48:43Z", "optimum_completed_date": null, "completed_date": "2020-09-29T22:48:43Z"}}, {"model": "machine.call", "pk": 10, "fields": {"engineer": 1, "customer": 1, "machine": 128, "is_assigned": true, "status": "pending", "previous_status": null, "created_date": "2020-09-29T16:59:08.601Z", "updated_date": "2020-09-30T19:28:51.846Z", "response_time_end_date": null, "assigned_date": "2020-09-29T16:48:43Z", "optimum_completed_date": null, "completed_date": "2020-09-29T22:48:43Z"}}, {"model": "machine.call", "pk": 11, "fields": {"engineer": 1, "customer": 1, "machine": 128, "is_assigned": true, "status": "pending", "previous_status": null, "created_date": "2020-09-29T17:44:48.347Z", "updated_date": "2020-09-30T19:28:51.846Z", "response_time_end_date": null, "assigned_date": "2020-09-29T16:48:43Z", "optimum_completed_date": null, "completed_date": "2020-09-29T22:48:43Z"}}, {"model": "machine.call", "pk": 12, "fields": {"engineer": 1, "customer": 1, "machine": 128, "is_assigned": true, "status": "pending", "previous_status": null, "created_date": "2020-09-29T17:45:53.597Z", "updated_date": "2020-09-30T19:28:51.846Z", "response_time_end_date": null, "assigned_date": "2020-09-29T16:48:43Z", "optimum_completed_date": null, "completed_date": "2020-09-29T22:48:43Z"}}, {"model": "machine.call", "pk": 13, "fields": {"engineer": 1, "customer": 1, "machine": 117, "is_assigned": true, "status": "pending", "previous_status": null, "created_date": "2020-09-29T18:02:34.447Z", "updated_date": "2020-09-30T19:28:51.846Z", "response_time_end_date": null, "assigned_date": "2020-09-29T16:48:43Z", "optimum_completed_date": null, "completed_date": "2020-09-29T22:48:43Z"}}, {"model": "machine.call", "pk": 14, "fields": {"engineer": 1, "customer": 1, "machine": 117, "is_assigned": true, "status": "pending", "previous_status": null, "created_date": "2020-09-29T18:58:00.243Z", "updated_date": "2020-09-30T19:28:51.846Z", "response_time_end_date": null, "assigned_date": "2020-09-29T18:50:47Z", "optimum_completed_date": null, "completed_date": "2020-09-30T00:50:47Z"}}, {"model": "machine.call", "pk": 15, "fields": {"engineer": 1, "customer": 1, "machine": 14, "is_assigned": true, "status": "pending", "previous_status": "pending", "created_date": "2020-09-29T19:30:53.343Z", "updated_date": "2020-09-30T19:28:51.846Z", "response_time_end_date": null, "assigned_date": "2020-09-29T19:27:35Z", "optimum_completed_date": null, "completed_date": "2020-09-30T01:27:35Z"}}, {"model": "machine.call", "pk": 16, "fields": {"engineer": 1, "customer": 1, "machine": 16, "is_assigned": true, "status": "pending", "previous_status": "pending", "created_date": "2020-09-29T19:34:18.374Z", "updated_date": "2020-09-30T19:28:51.846Z", "response_time_end_date": null, "assigned_date": "2020-09-29T19:27:35Z", "optimum_completed_date": null, "completed_date": "2020-09-30T01:27:35Z"}}, {"model": "machine.call", "pk": 17, "fields": {"engineer": 1, "customer": 1, "machine": 7, "is_assigned": true, "status": "pending", "previous_status": "pending", "created_date": "2020-09-29T19:46:02.090Z", "updated_date": "2020-09-30T19:28:51.846Z", "response_time_end_date": null, "assigned_date": "2020-09-29T19:27:35Z", "optimum_completed_date": null, "completed_date": "2020-09-30T01:27:35Z"}}, {"model": "machine.call", "pk": 18, "fields": {"engineer": null, "customer": 1, "machine": 10, "is_assigned": false, "status": "unassigned", "previous_status": "unassigned", "created_date": "2020-09-29T19:49:50.469Z", "updated_date": "2020-09-30T19:28:51.846Z", "response_time_end_date": null, "assigned_date": "2020-09-29T19:27:35Z", "optimum_completed_date": null, "completed_date": "2020-09-30T01:27:35Z"}}, {"model": "machine.call", "pk": 19, "fields": {"engineer": null, "customer": 1, "machine": 10, "is_assigned": false, "status": "unassigned", "previous_status": "unassigned", "created_date": "2020-09-29T19:49:52.233Z", "updated_date": "2020-09-30T19:28:51.846Z", "response_time_end_date": null, "assigned_date": "2020-09-29T19:27:35Z", "optimum_completed_date": null, "completed_date": "2020-09-30T01:27:35Z"}}, {"model": "machine.call", "pk": 20, "fields": {"engineer": 1, "customer": 1, "machine": 15, "is_assigned": true, "status": "pending", "previous_status": "pending", "created_date": "2020-09-29T20:00:59.890Z", "updated_date": "2020-09-30T19:28:51.846Z", "response_time_end_date": null, "assigned_date": "2020-09-29T19:58:08Z", "optimum_completed_date": null, "completed_date": "2020-09-30T01:58:08Z"}}, {"model": "machine.call", "pk": 21, "fields": {"engineer": 1, "customer": 1, "machine": 19, "is_assigned": true, "status": "dispatched", "previous_status": "dispatched", "created_date": "2020-09-29T20:51:05.438Z", "updated_date": "2020-10-03T22:51:11.735Z", "response_time_end_date": null, "assigned_date": null, "optimum_completed_date": null, "completed_date": null}}, {"model": "machine.call", "pk": 22, "fields": {"engineer": 1, "customer": 1, "machine": 19, "is_assigned": true, "status": "completed", "previous_status": "completed", "created_date": "2020-09-29T21:24:24.829Z", "updated_date": "2020-09-30T19:28:51.846Z", "response_time_end_date": null, "assigned_date": null, "optimum_completed_date": null, "completed_date": null}}, {"model": "machine.call", "pk": 23, "fields": {"engineer": 1, "customer": 1, "machine": 5, "is_assigned": true, "status": "completed", "previous_status": "completed", "created_date": "2020-09-30T19:38:48.728Z", "updated_date": "2020-09-30T19:41:41.275Z", "response_time_end_date": null, "assigned_date": null, "optimum_completed_date": null, "completed_date": null}}, {"model": "machine.call", "pk": 24, "fields": {"engineer": 1, "customer": 1, "machine": 6, "is_assigned": true, "status": "pending", "previous_status": "pending", "created_date": "2020-09-30T19:42:47.864Z", "updated_date": "2020-09-30T19:42:50.149Z", "response_time_end_date": null, "assigned_date": null, "optimum_completed_date": null, "completed_date": null}}, {"model": "machine.call", "pk": 25, "fields": {"engineer": 1, "customer": 1, "machine": 14, "is_assigned": true, "status": "pending", "previous_status": "pending", "created_date": "2020-09-30T19:44:47.866Z", "updated_date": "2020-09-30T19:44:52.286Z", "response_time_end_date": null, "assigned_date": null, "optimum_completed_date": null, "completed_date": null}}, {"model": "machine.call", "pk": 26, "fields": {"engineer": 1, "customer": 1, "machine": 13, "is_assigned": true, "status": "pending", "previous_status": "pending", "created_date": "2020-09-30T19:46:29.801Z", "updated_date": "2020-10-03T22:41:58.358Z", "response_time_end_date": null, "assigned_date": null, "optimum_completed_date": null, "completed_date": null}}, {"model": "machine.call", "pk": 27, "fields": {"engineer": 1, "customer": 1, "machine": 17, "is_assigned": true, "status": "completed", "previous_status": "completed", "created_date": "2020-09-30T19:48:36.947Z", "updated_date": "2020-10-03T22:20:15.780Z", "response_time_end_date": null, "assigned_date": "2020-10-03T22:14:24Z", "optimum_completed_date": null, "completed_date": "2020-10-03T22:20:16.013Z"}}, {"model": "machine.call", "pk": 28, "fields": {"engineer": 1, "customer": 1, "machine": 5, "is_assigned": true, "status": "pending", "previous_status": "pending", "created_date": "2020-09-30T19:50:50.792Z", "updated_date": "2020-09-30T19:50:51.081Z", "response_time_end_date": null, "assigned_date": null, "optimum_completed_date": null, "completed_date": null}}, {"model": "machine.call", "pk": 29, "fields": {"engineer": 1, "customer": 1, "machine": 11, "is_assigned": true, "status": "pending", "previous_status": "pending", "created_date": "2020-10-03T18:25:07.335Z", "updated_date": "2020-10-03T20:29:17.974Z", "response_time_end_date": null, "assigned_date": "2020-10-03T18:25:07Z", "optimum_completed_date": null, "completed_date": null}}, {"model": "machine.call", "pk": 30, "fields": {"engineer": 1, "customer": 1, "machine": 137, "is_assigned": true, "status": "completed", "previous_status": "completed", "created_date": "2020-10-03T20:32:43.807Z", "updated_date": "2020-10-03T20:48:40.750Z", "response_time_end_date": null, "assigned_date": "2020-10-03T20:32:43Z", "optimum_completed_date": null, "completed_date": "2020-10-03T20:48:42.354Z"}}, {"model": "machine.report", "pk": 1, "fields": {"call": 19, "customer_name": "Bechtel", "engineer": 1, "notification_number": null, "machine_serial": null, "billing_meter_black": null, "billing_meter_color": null, "billing_meter_total": null, "status": "pending", "billing_meter1": null, "billing_meter2": null, "report_copy": "", "image": "", "summary": "", "notes_for_dispatcher": ""}}, {"model": "machine.report", "pk": 2, "fields": {"call": 6, "customer_name": "bechtel", "engineer": 1, "notification_number": null, "machine_serial": null, "billing_meter_black": null, "billing_meter_color": null, "billing_meter_total": null, "status": "completed", "billing_meter1": null, "billing_meter2": null, "report_copy": "", "image": "", "summary": "i found problems in drum", "notes_for_dispatcher": "please order 604k20443"}}, {"model": "machine.report", "pk": 3, "fields": {"call": 18, "customer_name": "Bechtel", "engineer": 1, "notification_number": null, "machine_serial": null, "billing_meter_black": null, "billing_meter_color": null, "billing_meter_total": null, "status": "pending", "billing_meter1": null, "billing_meter2": null, "report_copy": "", "image": "", "summary": "", "notes_for_dispatcher": ""}}, {"model": "machine.report", "pk": 4, "fields": {"call": 23, "customer_name": "bechtel", "engineer": 1, "notification_number": null, "machine_serial": null, "billing_meter_black": null, "billing_meter_color": null, "billing_meter_total": null, "status": "completed", "billing_meter1": null, "billing_meter2": null, "report_copy": "", "image": "", "summary": "", "notes_for_dispatcher": ""}}, {"model": "machine.report", "pk": 5, "fields": {"call": 26, "customer_name": "bechtel", "engineer": 1, "notification_number": null, "machine_serial": null, "billing_meter_black": null, "billing_meter_color": null, "billing_meter_total": null, "status": "pending", "billing_meter1": null, "billing_meter2": null, "report_copy": "", "image": "", "summary": "", "notes_for_dispatcher": ""}}, {"model": "machine.contract", "pk": 1, "fields": {"contract_type": "FM"}}, {"model": "machine.contract", "pk": 2, "fields": {"contract_type": "FSMA"}}, {"model": "machine.contract", "pk": 3, "fields": {"contract_type": "XPPS"}}, {"model": "machine.engineerreview", "pk": 3, "fields": {"engineer": 1, "machine": 1, "review_title": "broken pipe", "review_content": "i found that pipe make drum defected", "created_at": "2020-09-23T20:46:28.772Z", "published_at": null, "status": "pending", "file_data": "", "image": "avatar1_cbDqpeX.jpg"}}, {"model": "machine.engineerreview", "pk": 4, "fields": {"engineer": 1, "machine": 1, "review_title": "waste  toner bottle", "review_content": "it was damaged", "created_at": "2020-09-23T20:48:31.999Z", "published_at": null, "status": "published", "file_data": "", "image": "avatar6.jpg"}}, {"model": "machine.engineerreview", "pk": 5, "fields": {"engineer": 1, "machine": 1, "review_title": "white lines", "review_content": "i found dev tank problem", "created_at": "2020-09-23T20:51:19.377Z", "published_at": null, "status": "published", "file_data": "", "image": "white lines/EGD202025/white_lines_avatar8.jpg"}}, {"model": "machine.engineerreview", "pk": 6, "fields": {"engineer": 1, "machine": 1, "review_title": "missing line", "review_content": "lph problem", "created_at": "2020-09-23T20:53:40.310Z", "published_at": null, "status": "published", "file_data": "", "image": "EGD202025/missing line/missing_line_avatar8.jpg"}}, {"model": "machine.engineerreview", "pk": 7, "fields": {"engineer": 1, "machine": 1, "review_title": "waste  toner bottle", "review_content": "waste tomeeee", "created_at": "2020-09-23T20:55:29.511Z", "published_at": null, "status": "published", "file_data": "EGD202025/waste  toner bottle/waste__toner_bottle_Nano_degree_certificate.pdf", "image": "EGD202025/waste  toner bottle/waste__toner_bottle_avatar4.jpg"}}, {"model": "machine.engineerreview", "pk": 8, "fields": {"engineer": 2, "machine": 2, "review_title": "backgroud", "review_content": "i found  that drum is the cause of the problem", "created_at": "2020-09-26T23:02:27.408Z", "published_at": null, "status": "published", "file_data": "EGD202026/backgroud/backgroud_mostafa_mohamed.pdf", "image": "EGD202026/backgroud/backgroud_2.jpg"}}, {"model": "machine.imagereview", "pk": 1, "fields": {"image_name": "nvm_data", "image": "EGD202025/missing line/missing_line_avatar7.jpg", "image_description": "hbhbh", "created_at": "2020-09-23T21:12:38.003Z", "updated_at": "2020-09-23T21:12:38.003Z", "review": 6}}, {"model": "machine.imagereview", "pk": 2, "fields": {"image_name": "background photo", "image": "EGD202026/backgroud/backgroud_3.jpg", "image_description": "this demonestrate how cleaning of the drum is not good", "created_at": "2020-09-26T23:24:42.495Z", "updated_at": "2020-09-26T23:24:42.495Z", "review": 8}}, {"model": "machine.imagereview", "pk": 3, "fields": {"image_name": "background photo2", "image": "EGD202026/backgroud/backgroud_1.jpg", "image_description": "this is after we change the drum", "created_at": "2020-09-26T23:25:39.291Z", "updated_at": "2020-09-26T23:25:39.291Z", "review": 8}}, {"model": "machine.imagereview", "pk": 4, "fields": {"image_name": "background photo3", "image": "EGD202026/backgroud/backgroud_2_hyiIfeC.jpg", "image_description": "cleaning toner reduce the background", "created_at": "2020-09-26T23:26:24.907Z", "updated_at": "2020-09-26T23:26:24.907Z", "review": 8}}]

